delete from judet;
delete from oras;
delete from adresa;
delete from spital;
delete from specializare;
delete from doctor;
delete from consult;
delete from medicament;
delete from reteta_medicament;
delete from reteta;
delete from procedura;
delete from consult_procedura;
delete from pacient;
delete from diagnostic;


-- Populare BD centralizata

INSERT INTO JUDET (id_judet, nume_judet) VALUES (1, 'Arad');
INSERT INTO JUDET (id_judet, nume_judet) VALUES (2, 'Bacau');
INSERT INTO JUDET (id_judet, nume_judet) VALUES (3, 'Bucuresti');
INSERT INTO JUDET (id_judet, nume_judet) VALUES (4, 'Braila');
INSERT INTO JUDET (id_judet, nume_judet) VALUES (5, 'Cluj');
INSERT INTO JUDET (id_judet, nume_judet) VALUES (6, 'Galati');
INSERT INTO JUDET (id_judet, nume_judet) VALUES (7, 'Iasi');
INSERT INTO JUDET (id_judet, nume_judet) VALUES (8, 'Suceava');
INSERT INTO JUDET (id_judet, nume_judet) VALUES (9, 'Dambovita');
INSERT INTO JUDET (id_judet, nume_judet) VALUES (10, 'Gorj');

select * from judet;

INSERT INTO ORAS (id_oras, id_judet, nume_oras) VALUES (1, 1, 'Arad');
INSERT INTO ORAS (id_oras, id_judet, nume_oras) VALUES (2, 2, 'Bacau');
INSERT INTO ORAS (id_oras, id_judet, nume_oras) VALUES (3, 3, 'Bucuresti');
INSERT INTO ORAS (id_oras, id_judet, nume_oras) VALUES (4, 4, 'Braila');
INSERT INTO ORAS (id_oras, id_judet, nume_oras) VALUES (5, 5, 'Cluj-Napoca');
INSERT INTO ORAS (id_oras, id_judet, nume_oras) VALUES (6, 6, 'Galati');
INSERT INTO ORAS (id_oras, id_judet, nume_oras) VALUES (7, 7, 'Iasi');
INSERT INTO ORAS (id_oras, id_judet, nume_oras) VALUES (8, 8, 'Suceava');
INSERT INTO ORAS (id_oras, id_judet, nume_oras) VALUES (9, 9, 'Targoviste');
INSERT INTO ORAS (id_oras, id_judet, nume_oras) VALUES (10, 10, 'Targu Jiu');

select * from oras;

INSERT INTO ADRESA (id_adresa, id_oras, strada, cod_postal) VALUES (1, 1, 'Strada Mihai Eminescu nr. 10', '810029');
INSERT INTO ADRESA (id_adresa, id_oras, strada, cod_postal) VALUES (2, 2, 'Strada Rosiori nr. 217', '810519');
INSERT INTO ADRESA (id_adresa, id_oras, strada, cod_postal) VALUES (3, 3, 'Strada Sibiu nr 10', '810224');
INSERT INTO ADRESA (id_adresa, id_oras, strada, cod_postal) VALUES (4, 4, 'Bulevardul Unirii', '870224');
INSERT INTO ADRESA (id_adresa, id_oras, strada, cod_postal) VALUES (5, 5, 'Strada Ioan Cuza nr 4', '380224');
INSERT INTO ADRESA (id_adresa, id_oras, strada, cod_postal) VALUES (6, 6, 'Strada Mihai Eminescu nr. 10', '810029');
INSERT INTO ADRESA (id_adresa, id_oras, strada, cod_postal) VALUES (7, 7, 'Strada Rosiori nr. 217', '810519');
INSERT INTO ADRESA (id_adresa, id_oras, strada, cod_postal) VALUES (8, 8, 'Strada Sibiu nr 10', '810224');
INSERT INTO ADRESA (id_adresa, id_oras, strada, cod_postal) VALUES (9, 1, 'Strada Ioan Cuza nr 4', '380224');
INSERT INTO ADRESA (id_adresa, id_oras, strada, cod_postal) VALUES (10, 2, 'Strada Mihai Eminescu nr. 10', '810029');
INSERT INTO ADRESA (id_adresa, id_oras, strada, cod_postal) VALUES (11, 3, 'Strada Rosiori nr. 217', '810519');
INSERT INTO ADRESA (id_adresa, id_oras, strada, cod_postal) VALUES (12, 4, 'Strada Sibiu nr 10', '810224');
INSERT INTO ADRESA (id_adresa, id_oras, strada, cod_postal) VALUES (13, 5, 'Bulevardul Unirii', '870224');
INSERT INTO ADRESA (id_adresa, id_oras, strada, cod_postal) VALUES (14, 6, 'Strada Ioan Cuza nr 4', '380224');
INSERT INTO ADRESA (id_adresa, id_oras, strada, cod_postal) VALUES (15, 7, 'Strada Mihai Eminescu nr. 10', '810029');
INSERT INTO ADRESA (id_adresa, id_oras, strada, cod_postal) VALUES (16, 8, 'Strada Rosiori nr. 217', '810519');
INSERT INTO ADRESA (id_adresa, id_oras, strada, cod_postal) VALUES (17, 1, 'Bulevardul Unirii', '870224');
INSERT INTO ADRESA (id_adresa, id_oras, strada, cod_postal) VALUES (18, 2, 'Strada Ioan Cuza nr 4', '380224');
INSERT INTO ADRESA (id_adresa, id_oras, strada, cod_postal) VALUES (19, 3, 'Strada Mihai Eminescu nr. 10', '810029');
INSERT INTO ADRESA (id_adresa, id_oras, strada, cod_postal) VALUES (20, 4, 'Strada Rosiori nr. 217', '810519');
INSERT INTO ADRESA (id_adresa, id_oras, strada, cod_postal) VALUES (21, 5, 'Strada Sibiu nr 10', '810224');
INSERT INTO ADRESA (id_adresa, id_oras, strada, cod_postal) VALUES (22, 6, 'Bulevardul Unirii', '870224');
INSERT INTO ADRESA (id_adresa, id_oras, strada, cod_postal) VALUES (23, 7, 'Strada Ioan Cuza nr 4', '380224');
INSERT INTO ADRESA (id_adresa, id_oras, strada, cod_postal) VALUES (24, 8, 'Strada Mihai Eminescu nr. 10', '810029');
INSERT INTO ADRESA (id_adresa, id_oras, strada, cod_postal) VALUES (25, 1, 'Strada Sibiu nr 10', '810224');
INSERT INTO ADRESA (id_adresa, id_oras, strada, cod_postal) VALUES (26, 2, 'Bulevardul Unirii', '870224');
INSERT INTO ADRESA (id_adresa, id_oras, strada, cod_postal) VALUES (27, 3, 'Strada Ioan Cuza nr 4', '380224');
INSERT INTO ADRESA (id_adresa, id_oras, strada, cod_postal) VALUES (28, 4, 'Strada Mihai Eminescu nr. 10', '810029');
INSERT INTO ADRESA (id_adresa, id_oras, strada, cod_postal) VALUES (29, 1, 'Strada Mihai Eminescu nr. 10', '810029');
INSERT INTO ADRESA (id_adresa, id_oras, strada, cod_postal) VALUES (30, 2, 'Strada Mihai Eminescu nr. 10', '810029');
INSERT INTO ADRESA (id_adresa, id_oras, strada, cod_postal) VALUES (31, 3, 'Strada Mihai Eminescu nr. 10', '810029');
INSERT INTO ADRESA (id_adresa, id_oras, strada, cod_postal) VALUES (32, 4, 'Strada Mihai Eminescu nr. 10', '810029');
INSERT INTO ADRESA (id_adresa, id_oras, strada, cod_postal) VALUES (33, 5, 'Strada Mihai Eminescu nr. 10', '810029');
INSERT INTO ADRESA (id_adresa, id_oras, strada, cod_postal) VALUES (34, 6, 'Strada Mihai Eminescu nr. 10', '810029');
INSERT INTO ADRESA (id_adresa, id_oras, strada, cod_postal) VALUES (35, 7, 'Strada Mihai Eminescu nr. 10', '810029');
INSERT INTO ADRESA (id_adresa, id_oras, strada, cod_postal) VALUES (36, 8, 'Strada Mihai Eminescu nr. 10', '810029');
INSERT INTO ADRESA (id_adresa, id_oras, strada, cod_postal) VALUES (37, 5, 'Strada Mihai Eminescu nr. 10', '810029');
INSERT INTO ADRESA (id_adresa, id_oras, strada, cod_postal) VALUES (38, 6, 'Strada Rosiori nr. 217', '810519');
INSERT INTO ADRESA (id_adresa, id_oras, strada, cod_postal) VALUES (39, 7, 'Strada Sibiu nr 10', '810224');
INSERT INTO ADRESA (id_adresa, id_oras, strada, cod_postal) VALUES (40, 8, 'Bulevardul Unirii', '870224');
INSERT INTO ADRESA (id_adresa, id_oras, strada, cod_postal) VALUES (41, 1, 'Strada Mihai Eminescu nr. 10', '810029');
INSERT INTO ADRESA (id_adresa, id_oras, strada, cod_postal) VALUES (42, 2, 'Strada Rosiori nr. 217', '810519');
INSERT INTO ADRESA (id_adresa, id_oras, strada, cod_postal) VALUES (43, 3, 'Strada Sibiu nr 10', '810224');
INSERT INTO ADRESA (id_adresa, id_oras, strada, cod_postal) VALUES (44, 4, 'Bulevardul Unirii', '870224');
INSERT INTO ADRESA (id_adresa, id_oras, strada, cod_postal) VALUES (45, 5, 'Strada Ioan Cuza nr 4', '380224');


select * from adresa;


INSERT INTO PACIENT (id_pacient, nume, prenume, data_nastere, telefon, email, sex) VALUES (1, 'Popa', 'Alexandra', TO_DATE('1952-10-03', 'YYYY-MM-DD'), '0765693275', 'alexandra.popa@gmail.com', 'F');
INSERT INTO PACIENT (id_pacient, nume, prenume, data_nastere, telefon, email, sex) VALUES (2, 'Popa', 'Mihaela', TO_DATE('1959-12-21', 'YYYY-MM-DD'), '0789677277', 'mihaela.popa@yahoo.com', 'F');
INSERT INTO PACIENT (id_pacient, nume, prenume, data_nastere, telefon, email, sex) VALUES (3, 'Popa', 'Oana', TO_DATE('1954-06-12', 'YYYY-MM-DD'), '0728342816', 'oana.popa@gmail.com', 'F');
INSERT INTO PACIENT (id_pacient, nume, prenume, data_nastere, telefon, email, sex) VALUES (4, 'Popa', 'Roxana', TO_DATE('1964-09-23', 'YYYY-MM-DD'), '0734241749', 'roxana.popa@yahoo.com', 'F');
INSERT INTO PACIENT (id_pacient, nume, prenume, data_nastere, telefon, email, sex) VALUES (5, 'Popa', 'Victoria', TO_DATE('1981-04-08', 'YYYY-MM-DD'), '0786762924', 'victoria.popa@gmail.com', 'F');
INSERT INTO PACIENT (id_pacient, nume, prenume, data_nastere, telefon, email, sex) VALUES (6, 'Popa', 'Simona', TO_DATE('1990-10-11', 'YYYY-MM-DD'), '0733916582', 'simona.popa@yahoo.com', 'F');
INSERT INTO PACIENT (id_pacient, nume, prenume, data_nastere, telefon, email, sex) VALUES (7, 'Popa', 'Gabriela', TO_DATE('1988-01-14', 'YYYY-MM-DD'), '0743086935', 'gabriela.popa@gmail.com', 'F');
INSERT INTO PACIENT (id_pacient, nume, prenume, data_nastere, telefon, email, sex) VALUES (8, 'Popa', 'Razvan', TO_DATE('2019-05-25', 'YYYY-MM-DD'), '0784737669', 'razvan.popa@yahoo.com', 'M');
INSERT INTO PACIENT (id_pacient, nume, prenume, data_nastere, telefon, email, sex) VALUES (9, 'Popa', 'Maria', TO_DATE('1958-09-11', 'YYYY-MM-DD'), '0766418730', 'maria.popa@gmail.com', 'F');
INSERT INTO PACIENT (id_pacient, nume, prenume, data_nastere, telefon, email, sex) VALUES (10, 'Popa', 'Vlad', TO_DATE('2016-04-03', 'YYYY-MM-DD'), '0742282868', 'vlad.popa@yahoo.com', 'M');
INSERT INTO PACIENT (id_pacient, nume, prenume, data_nastere, telefon, email, sex) VALUES (11, 'Popa', 'Marius', TO_DATE('1998-01-04', 'YYYY-MM-DD'), '0724320810', 'marius.popa@gmail.com', 'M');
INSERT INTO PACIENT (id_pacient, nume, prenume, data_nastere, telefon, email, sex) VALUES (12, 'Popa', 'Ionut', TO_DATE('2018-12-11', 'YYYY-MM-DD'), '0746921317', 'ionut.popa@yahoo.com', 'M');
INSERT INTO PACIENT (id_pacient, nume, prenume, data_nastere, telefon, email, sex) VALUES (13, 'Popescu', 'Alexandra', TO_DATE('1943-07-13', 'YYYY-MM-DD'), '0741240083', 'alexandra.popescu@gmail.com', 'F');
INSERT INTO PACIENT (id_pacient, nume, prenume, data_nastere, telefon, email, sex) VALUES (14, 'Popescu', 'Mihaela', TO_DATE('1952-09-09', 'YYYY-MM-DD'), '0763354087', 'mihaela.popescu@yahoo.com', 'F');
INSERT INTO PACIENT (id_pacient, nume, prenume, data_nastere, telefon, email, sex) VALUES (15, 'Popescu', 'Oana', TO_DATE('1939-09-23', 'YYYY-MM-DD'), '0735936115', 'oana.popescu@gmail.com', 'F');
INSERT INTO PACIENT (id_pacient, nume, prenume, data_nastere, telefon, email, sex) VALUES (16, 'Popescu', 'Roxana', TO_DATE('1945-11-15', 'YYYY-MM-DD'), '0766264554', 'roxana.popescu@yahoo.com', 'F');
INSERT INTO PACIENT (id_pacient, nume, prenume, data_nastere, telefon, email, sex) VALUES (17, 'Popescu', 'Victoria', TO_DATE('2020-09-09', 'YYYY-MM-DD'), '0747322502', 'victoria.popescu@gmail.com', 'F');
INSERT INTO PACIENT (id_pacient, nume, prenume, data_nastere, telefon, email, sex) VALUES (18, 'Popescu', 'Simona', TO_DATE('2018-12-21', 'YYYY-MM-DD'), '0744196053', 'simona.popescu@yahoo.com', 'F');
INSERT INTO PACIENT (id_pacient, nume, prenume, data_nastere, telefon, email, sex) VALUES (19, 'Popescu', 'Gabriela', TO_DATE('1947-11-15', 'YYYY-MM-DD'), '0797119083', 'gabriela.popescu@gmail.com', 'F');
INSERT INTO PACIENT (id_pacient, nume, prenume, data_nastere, telefon, email, sex) VALUES (20, 'Popescu', 'Razvan', TO_DATE('2021-01-13', 'YYYY-MM-DD'), '0781689507', 'razvan.popescu@yahoo.com', 'M');
INSERT INTO PACIENT (id_pacient, nume, prenume, data_nastere, telefon, email, sex) VALUES (21, 'Popescu', 'Maria', TO_DATE('2017-07-21', 'YYYY-MM-DD'), '0727593446', 'maria.popescu@gmail.com', 'F');
INSERT INTO PACIENT (id_pacient, nume, prenume, data_nastere, telefon, email, sex) VALUES (22, 'Popescu', 'Vlad', TO_DATE('1952-10-03', 'YYYY-MM-DD'), '0735697917', 'vlad.popescu@yahoo.com', 'M');
INSERT INTO PACIENT (id_pacient, nume, prenume, data_nastere, telefon, email, sex) VALUES (23, 'Popescu', 'Marius', TO_DATE('1959-12-21', 'YYYY-MM-DD'), '0755714858', 'marius.popescu@gmail.com', 'M');
INSERT INTO PACIENT (id_pacient, nume, prenume, data_nastere, telefon, email, sex) VALUES (24, 'Popescu', 'Ionut', TO_DATE('1954-06-12', 'YYYY-MM-DD'), '0776798730', 'ionut.popescu@yahoo.com', 'M');
INSERT INTO PACIENT (id_pacient, nume, prenume, data_nastere, telefon, email, sex) VALUES (25, 'Ion', 'Alexandra', TO_DATE('1964-09-23', 'YYYY-MM-DD'), '0738188672', 'alexandra.ion@gmail.com', 'F');
INSERT INTO PACIENT (id_pacient, nume, prenume, data_nastere, telefon, email, sex) VALUES (26, 'Ion', 'Mihaela', TO_DATE('1981-04-08', 'YYYY-MM-DD'), '0739908823', 'mihaela.ion@yahoo.com', 'F');
INSERT INTO PACIENT (id_pacient, nume, prenume, data_nastere, telefon, email, sex) VALUES (27, 'Ion', 'Oana', TO_DATE('1990-10-11', 'YYYY-MM-DD'), '0798988011', 'oana.ion@gmail.com', 'F');
INSERT INTO PACIENT (id_pacient, nume, prenume, data_nastere, telefon, email, sex) VALUES (28, 'Ion', 'Roxana', TO_DATE('1988-01-14', 'YYYY-MM-DD'), '0743918236', 'roxana.ion@yahoo.com', 'F');
INSERT INTO PACIENT (id_pacient, nume, prenume, data_nastere, telefon, email, sex) VALUES (29, 'Ion', 'Victoria', TO_DATE('2019-05-25', 'YYYY-MM-DD'), '0726320563', 'victoria.ion@gmail.com', 'F');
INSERT INTO PACIENT (id_pacient, nume, prenume, data_nastere, telefon, email, sex) VALUES (30, 'Ion', 'Simona', TO_DATE('1958-09-11', 'YYYY-MM-DD'), '0752476111', 'simona.ion@yahoo.com', 'F');
INSERT INTO PACIENT (id_pacient, nume, prenume, data_nastere, telefon, email, sex) VALUES (31, 'Ion', 'Gabriela', TO_DATE('2016-04-03', 'YYYY-MM-DD'), '0722595536', 'gabriela.ion@gmail.com', 'F');
INSERT INTO PACIENT (id_pacient, nume, prenume, data_nastere, telefon, email, sex) VALUES (32, 'Ion', 'Razvan', TO_DATE('1998-01-04', 'YYYY-MM-DD'), '0787368498', 'razvan.ion@yahoo.com', 'M');
INSERT INTO PACIENT (id_pacient, nume, prenume, data_nastere, telefon, email, sex) VALUES (33, 'Ion', 'Maria', TO_DATE('2018-12-11', 'YYYY-MM-DD'), '0771632725', 'maria.ion@gmail.com', 'F');
INSERT INTO PACIENT (id_pacient, nume, prenume, data_nastere, telefon, email, sex) VALUES (34, 'Ion', 'Vlad', TO_DATE('1943-07-13', 'YYYY-MM-DD'), '0762809596', 'vlad.ion@yahoo.com', 'M');
INSERT INTO PACIENT (id_pacient, nume, prenume, data_nastere, telefon, email, sex) VALUES (35, 'Ion', 'Marius', TO_DATE('1952-09-09', 'YYYY-MM-DD'), '0729222709', 'marius.ion@gmail.com', 'M');
INSERT INTO PACIENT (id_pacient, nume, prenume, data_nastere, telefon, email, sex) VALUES (36, 'Ion', 'Ionut', TO_DATE('1939-09-23', 'YYYY-MM-DD'), '0772840649', 'ionut.ion@yahoo.com', 'M');
INSERT INTO PACIENT (id_pacient, nume, prenume, data_nastere, telefon, email, sex) VALUES (37, 'Ionescu', 'Alexandra', TO_DATE('1945-11-15', 'YYYY-MM-DD'), '0772883821', 'alexandra.ionescu@gmail.com', 'F');
INSERT INTO PACIENT (id_pacient, nume, prenume, data_nastere, telefon, email, sex) VALUES (38, 'Ionescu', 'Mihaela', TO_DATE('2020-09-09', 'YYYY-MM-DD'), '0783314801', 'mihaela.ionescu@yahoo.com', 'F');
INSERT INTO PACIENT (id_pacient, nume, prenume, data_nastere, telefon, email, sex) VALUES (39, 'Ionescu', 'Oana', TO_DATE('2018-12-21', 'YYYY-MM-DD'), '0724216728', 'oana.ionescu@gmail.com', 'F');
INSERT INTO PACIENT (id_pacient, nume, prenume, data_nastere, telefon, email, sex) VALUES (40, 'Ionescu', 'Roxana', TO_DATE('1947-11-15', 'YYYY-MM-DD'), '0772096378', 'roxana.ionescu@yahoo.com', 'F');
INSERT INTO PACIENT (id_pacient, nume, prenume, data_nastere, telefon, email, sex) VALUES (41, 'Ionescu', 'Victoria', TO_DATE('2021-01-13', 'YYYY-MM-DD'), '0742422700', 'victoria.ionescu@gmail.com', 'F');
INSERT INTO PACIENT (id_pacient, nume, prenume, data_nastere, telefon, email, sex) VALUES (42, 'Ionescu', 'Simona', TO_DATE('2017-07-21', 'YYYY-MM-DD'), '0753068584', 'simona.ionescu@yahoo.com', 'F');
INSERT INTO PACIENT (id_pacient, nume, prenume, data_nastere, telefon, email, sex) VALUES (43, 'Ionescu', 'Gabriela', TO_DATE('1952-10-03', 'YYYY-MM-DD'), '0783865897', 'gabriela.ionescu@gmail.com', 'F');
INSERT INTO PACIENT (id_pacient, nume, prenume, data_nastere, telefon, email, sex) VALUES (44, 'Ionescu', 'Razvan', TO_DATE('1959-12-21', 'YYYY-MM-DD'), '0729596032', 'razvan.ionescu@yahoo.com', 'M');
INSERT INTO PACIENT (id_pacient, nume, prenume, data_nastere, telefon, email, sex) VALUES (45, 'Ionescu', 'Maria', TO_DATE('1954-06-12', 'YYYY-MM-DD'), '0761173331', 'maria.ionescu@gmail.com', 'F');
INSERT INTO PACIENT (id_pacient, nume, prenume, data_nastere, telefon, email, sex) VALUES (46, 'Ionescu', 'Vlad', TO_DATE('1964-09-23', 'YYYY-MM-DD'), '0773359724', 'vlad.ionescu@yahoo.com', 'M');
INSERT INTO PACIENT (id_pacient, nume, prenume, data_nastere, telefon, email, sex) VALUES (47, 'Ionescu', 'Marius', TO_DATE('1981-04-08', 'YYYY-MM-DD'), '0782715024', 'marius.ionescu@gmail.com', 'M');
INSERT INTO PACIENT (id_pacient, nume, prenume, data_nastere, telefon, email, sex) VALUES (48, 'Ionescu', 'Ionut', TO_DATE('1990-10-11', 'YYYY-MM-DD'), '0779470991', 'ionut.ionescu@yahoo.com', 'M');
INSERT INTO PACIENT (id_pacient, nume, prenume, data_nastere, telefon, email, sex) VALUES (49, 'Constantin', 'Alexandra', TO_DATE('1988-01-14', 'YYYY-MM-DD'), '0748187037', 'alexandra.constantin@gmail.com', 'F');
INSERT INTO PACIENT (id_pacient, nume, prenume, data_nastere, telefon, email, sex) VALUES (50, 'Constantin', 'Mihaela', TO_DATE('2019-05-25', 'YYYY-MM-DD'), '0769374875', 'mihaela.constantin@yahoo.com', 'F');
INSERT INTO PACIENT (id_pacient, nume, prenume, data_nastere, telefon, email, sex) VALUES (51, 'Constantin', 'Oana', TO_DATE('1958-09-11', 'YYYY-MM-DD'), '0774356409', 'oana.constantin@gmail.com', 'F');
INSERT INTO PACIENT (id_pacient, nume, prenume, data_nastere, telefon, email, sex) VALUES (52, 'Constantin', 'Roxana', TO_DATE('2016-04-03', 'YYYY-MM-DD'), '0746189521', 'roxana.constantin@yahoo.com', 'F');
INSERT INTO PACIENT (id_pacient, nume, prenume, data_nastere, telefon, email, sex) VALUES (53, 'Constantin', 'Victoria', TO_DATE('1998-01-04', 'YYYY-MM-DD'), '0726978913', 'victoria.constantin@gmail.com', 'F');
INSERT INTO PACIENT (id_pacient, nume, prenume, data_nastere, telefon, email, sex) VALUES (54, 'Constantin', 'Simona', TO_DATE('2018-12-11', 'YYYY-MM-DD'), '0762110372', 'simona.constantin@yahoo.com', 'F');
INSERT INTO PACIENT (id_pacient, nume, prenume, data_nastere, telefon, email, sex) VALUES (55, 'Constantin', 'Gabriela', TO_DATE('1943-07-13', 'YYYY-MM-DD'), '0753600540', 'gabriela.constantin@gmail.com', 'F');
INSERT INTO PACIENT (id_pacient, nume, prenume, data_nastere, telefon, email, sex) VALUES (56, 'Constantin', 'Razvan', TO_DATE('1952-09-09', 'YYYY-MM-DD'), '0756020951', 'razvan.constantin@yahoo.com', 'M');
INSERT INTO PACIENT (id_pacient, nume, prenume, data_nastere, telefon, email, sex) VALUES (57, 'Constantin', 'Maria', TO_DATE('1939-09-23', 'YYYY-MM-DD'), '0721952023', 'maria.constantin@gmail.com', 'F');
INSERT INTO PACIENT (id_pacient, nume, prenume, data_nastere, telefon, email, sex) VALUES (58, 'Constantin', 'Vlad', TO_DATE('1945-11-15', 'YYYY-MM-DD'), '0784520468', 'vlad.constantin@yahoo.com', 'M');
INSERT INTO PACIENT (id_pacient, nume, prenume, data_nastere, telefon, email, sex) VALUES (59, 'Constantin', 'Marius', TO_DATE('2020-09-09', 'YYYY-MM-DD'), '0789491317', 'marius.constantin@gmail.com', 'M');
INSERT INTO PACIENT (id_pacient, nume, prenume, data_nastere, telefon, email, sex) VALUES (60, 'Constantin', 'Ionut', TO_DATE('2018-12-21', 'YYYY-MM-DD'), '0734379757', 'ionut.constantin@yahoo.com', 'M');
INSERT INTO PACIENT (id_pacient, nume, prenume, data_nastere, telefon, email, sex) VALUES (61, 'Voicu', 'Alexandra', TO_DATE('1947-11-15', 'YYYY-MM-DD'), '0767084911', 'alexandra.voicu@gmail.com', 'F');
INSERT INTO PACIENT (id_pacient, nume, prenume, data_nastere, telefon, email, sex) VALUES (62, 'Voicu', 'Mihaela', TO_DATE('2021-01-13', 'YYYY-MM-DD'), '0782357703', 'mihaela.voicu@yahoo.com', 'F');
INSERT INTO PACIENT (id_pacient, nume, prenume, data_nastere, telefon, email, sex) VALUES (63, 'Voicu', 'Oana', TO_DATE('2017-07-21', 'YYYY-MM-DD'), '0728841602', 'oana.voicu@gmail.com', 'F');
INSERT INTO PACIENT (id_pacient, nume, prenume, data_nastere, telefon, email, sex) VALUES (64, 'Voicu', 'Roxana', TO_DATE('1952-10-03', 'YYYY-MM-DD'), '0756631027', 'roxana.voicu@yahoo.com', 'F');
INSERT INTO PACIENT (id_pacient, nume, prenume, data_nastere, telefon, email, sex) VALUES (65, 'Voicu', 'Victoria', TO_DATE('1959-12-21', 'YYYY-MM-DD'), '0756937802', 'victoria.voicu@gmail.com', 'F');
INSERT INTO PACIENT (id_pacient, nume, prenume, data_nastere, telefon, email, sex) VALUES (66, 'Voicu', 'Simona', TO_DATE('1954-06-12', 'YYYY-MM-DD'), '0793256370', 'simona.voicu@yahoo.com', 'F');
INSERT INTO PACIENT (id_pacient, nume, prenume, data_nastere, telefon, email, sex) VALUES (67, 'Voicu', 'Gabriela', TO_DATE('1964-09-23', 'YYYY-MM-DD'), '0739077660', 'gabriela.voicu@gmail.com', 'F');
INSERT INTO PACIENT (id_pacient, nume, prenume, data_nastere, telefon, email, sex) VALUES (68, 'Voicu', 'Razvan', TO_DATE('1981-04-08', 'YYYY-MM-DD'), '0737962309', 'razvan.voicu@yahoo.com', 'M');
INSERT INTO PACIENT (id_pacient, nume, prenume, data_nastere, telefon, email, sex) VALUES (69, 'Voicu', 'Maria', TO_DATE('1990-10-11', 'YYYY-MM-DD'), '0734151597', 'maria.voicu@gmail.com', 'F');
INSERT INTO PACIENT (id_pacient, nume, prenume, data_nastere, telefon, email, sex) VALUES (70, 'Voicu', 'Vlad', TO_DATE('1988-01-14', 'YYYY-MM-DD'), '0736599280', 'vlad.voicu@yahoo.com', 'M');
INSERT INTO PACIENT (id_pacient, nume, prenume, data_nastere, telefon, email, sex) VALUES (71, 'Voicu', 'Marius', TO_DATE('2019-05-25', 'YYYY-MM-DD'), '0789238016', 'marius.voicu@gmail.com', 'M');
INSERT INTO PACIENT (id_pacient, nume, prenume, data_nastere, telefon, email, sex) VALUES (72, 'Voicu', 'Ionut', TO_DATE('1958-09-11', 'YYYY-MM-DD'), '0774596169', 'ionut.voicu@yahoo.com', 'M');
INSERT INTO PACIENT (id_pacient, nume, prenume, data_nastere, telefon, email, sex) VALUES (73, 'Draghia', 'Alexandra', TO_DATE('2016-04-03', 'YYYY-MM-DD'), '0757658682', 'alexandra.draghia@gmail.com', 'F');
INSERT INTO PACIENT (id_pacient, nume, prenume, data_nastere, telefon, email, sex) VALUES (74, 'Draghia', 'Mihaela', TO_DATE('1998-01-04', 'YYYY-MM-DD'), '0746246489', 'mihaela.draghia@yahoo.com', 'F');
INSERT INTO PACIENT (id_pacient, nume, prenume, data_nastere, telefon, email, sex) VALUES (75, 'Draghia', 'Oana', TO_DATE('2018-12-11', 'YYYY-MM-DD'), '0748186304', 'oana.draghia@gmail.com', 'F');
INSERT INTO PACIENT (id_pacient, nume, prenume, data_nastere, telefon, email, sex) VALUES (76, 'Draghia', 'Roxana', TO_DATE('1943-07-13', 'YYYY-MM-DD'), '0732537640', 'roxana.draghia@yahoo.com', 'F');
INSERT INTO PACIENT (id_pacient, nume, prenume, data_nastere, telefon, email, sex) VALUES (77, 'Draghia', 'Victoria', TO_DATE('1952-09-09', 'YYYY-MM-DD'), '0749407173', 'victoria.draghia@gmail.com', 'F');
INSERT INTO PACIENT (id_pacient, nume, prenume, data_nastere, telefon, email, sex) VALUES (78, 'Draghia', 'Simona', TO_DATE('1939-09-23', 'YYYY-MM-DD'), '0728777099', 'simona.draghia@yahoo.com', 'F');
INSERT INTO PACIENT (id_pacient, nume, prenume, data_nastere, telefon, email, sex) VALUES (79, 'Draghia', 'Gabriela', TO_DATE('1945-11-15', 'YYYY-MM-DD'), '0725825000', 'gabriela.draghia@gmail.com', 'F');
INSERT INTO PACIENT (id_pacient, nume, prenume, data_nastere, telefon, email, sex) VALUES (80, 'Draghia', 'Razvan', TO_DATE('2020-09-09', 'YYYY-MM-DD'), '0723619784', 'razvan.draghia@yahoo.com', 'M');
INSERT INTO PACIENT (id_pacient, nume, prenume, data_nastere, telefon, email, sex) VALUES (81, 'Draghia', 'Maria', TO_DATE('2018-12-21', 'YYYY-MM-DD'), '0798993357', 'maria.draghia@gmail.com', 'F');
INSERT INTO PACIENT (id_pacient, nume, prenume, data_nastere, telefon, email, sex) VALUES (82, 'Draghia', 'Vlad', TO_DATE('1947-11-15', 'YYYY-MM-DD'), '0764980413', 'vlad.draghia@yahoo.com', 'M');
INSERT INTO PACIENT (id_pacient, nume, prenume, data_nastere, telefon, email, sex) VALUES (83, 'Draghia', 'Marius', TO_DATE('2021-01-13', 'YYYY-MM-DD'), '0724320765', 'marius.draghia@gmail.com', 'M');
INSERT INTO PACIENT (id_pacient, nume, prenume, data_nastere, telefon, email, sex) VALUES (84, 'Draghia', 'Ionut', TO_DATE('2017-07-21', 'YYYY-MM-DD'), '0738015472', 'ionut.draghia@yahoo.com', 'M');
INSERT INTO PACIENT (id_pacient, nume, prenume, data_nastere, telefon, email, sex) VALUES (85, 'Dragan', 'Alexandra', TO_DATE('1952-10-03', 'YYYY-MM-DD'), '0744718527', 'alexandra.dragan@gmail.com', 'F');
INSERT INTO PACIENT (id_pacient, nume, prenume, data_nastere, telefon, email, sex) VALUES (86, 'Dragan', 'Mihaela', TO_DATE('1959-12-21', 'YYYY-MM-DD'), '0775944443', 'mihaela.dragan@yahoo.com', 'F');
INSERT INTO PACIENT (id_pacient, nume, prenume, data_nastere, telefon, email, sex) VALUES (87, 'Dragan', 'Oana', TO_DATE('1954-06-12', 'YYYY-MM-DD'), '0737807830', 'oana.dragan@gmail.com', 'F');
INSERT INTO PACIENT (id_pacient, nume, prenume, data_nastere, telefon, email, sex) VALUES (88, 'Dragan', 'Roxana', TO_DATE('1964-09-23', 'YYYY-MM-DD'), '0759172399', 'roxana.dragan@yahoo.com', 'F');
INSERT INTO PACIENT (id_pacient, nume, prenume, data_nastere, telefon, email, sex) VALUES (89, 'Dragan', 'Victoria', TO_DATE('1981-04-08', 'YYYY-MM-DD'), '0737194330', 'victoria.dragan@gmail.com', 'F');
INSERT INTO PACIENT (id_pacient, nume, prenume, data_nastere, telefon, email, sex) VALUES (90, 'Dragan', 'Simona', TO_DATE('1990-10-11', 'YYYY-MM-DD'), '0756675809', 'simona.dragan@yahoo.com', 'F');
INSERT INTO PACIENT (id_pacient, nume, prenume, data_nastere, telefon, email, sex) VALUES (91, 'Dragan', 'Gabriela', TO_DATE('1988-01-14', 'YYYY-MM-DD'), '0782770510', 'gabriela.dragan@gmail.com', 'F');
INSERT INTO PACIENT (id_pacient, nume, prenume, data_nastere, telefon, email, sex) VALUES (92, 'Dragan', 'Razvan', TO_DATE('2019-05-25', 'YYYY-MM-DD'), '0726864417', 'razvan.dragan@yahoo.com', 'M');
INSERT INTO PACIENT (id_pacient, nume, prenume, data_nastere, telefon, email, sex) VALUES (93, 'Dragan', 'Maria', TO_DATE('1958-09-11', 'YYYY-MM-DD'), '0776906985', 'maria.dragan@gmail.com', 'F');
INSERT INTO PACIENT (id_pacient, nume, prenume, data_nastere, telefon, email, sex) VALUES (94, 'Dragan', 'Vlad', TO_DATE('2016-04-03', 'YYYY-MM-DD'), '0799414146', 'vlad.dragan@yahoo.com', 'M');
INSERT INTO PACIENT (id_pacient, nume, prenume, data_nastere, telefon, email, sex) VALUES (95, 'Dragan', 'Marius', TO_DATE('1998-01-04', 'YYYY-MM-DD'), '0798599719', 'marius.dragan@gmail.com', 'M');
INSERT INTO PACIENT (id_pacient, nume, prenume, data_nastere, telefon, email, sex) VALUES (96, 'Dragan', 'Ionut', TO_DATE('2018-12-11', 'YYYY-MM-DD'), '0777555216', 'ionut.dragan@yahoo.com', 'M');
INSERT INTO PACIENT (id_pacient, nume, prenume, data_nastere, telefon, email, sex) VALUES (97, 'Munteanu', 'Alexandra', TO_DATE('1943-07-13', 'YYYY-MM-DD'), '0759184170', 'alexandra.munteanu@gmail.com', 'F');
INSERT INTO PACIENT (id_pacient, nume, prenume, data_nastere, telefon, email, sex) VALUES (98, 'Munteanu', 'Mihaela', TO_DATE('1952-09-09', 'YYYY-MM-DD'), '0789309448', 'mihaela.munteanu@yahoo.com', 'F');
INSERT INTO PACIENT (id_pacient, nume, prenume, data_nastere, telefon, email, sex) VALUES (99, 'Munteanu', 'Oana', TO_DATE('1939-09-23', 'YYYY-MM-DD'), '0758693690', 'oana.munteanu@gmail.com', 'F');
INSERT INTO PACIENT (id_pacient, nume, prenume, data_nastere, telefon, email, sex) VALUES (100, 'Munteanu', 'Roxana', TO_DATE('1945-11-15', 'YYYY-MM-DD'), '0743071521', 'roxana.munteanu@yahoo.com', 'F');
INSERT INTO PACIENT (id_pacient, nume, prenume, data_nastere, telefon, email, sex) VALUES (101, 'Munteanu', 'Victoria', TO_DATE('2020-09-09', 'YYYY-MM-DD'), '0747197583', 'victoria.munteanu@gmail.com', 'F');
INSERT INTO PACIENT (id_pacient, nume, prenume, data_nastere, telefon, email, sex) VALUES (102, 'Munteanu', 'Simona', TO_DATE('2018-12-21', 'YYYY-MM-DD'), '0791843533', 'simona.munteanu@yahoo.com', 'F');
INSERT INTO PACIENT (id_pacient, nume, prenume, data_nastere, telefon, email, sex) VALUES (103, 'Munteanu', 'Gabriela', TO_DATE('1947-11-15', 'YYYY-MM-DD'), '0729332503', 'gabriela.munteanu@gmail.com', 'F');
INSERT INTO PACIENT (id_pacient, nume, prenume, data_nastere, telefon, email, sex) VALUES (104, 'Munteanu', 'Razvan', TO_DATE('2021-01-13', 'YYYY-MM-DD'), '0726822283', 'razvan.munteanu@yahoo.com', 'M');
INSERT INTO PACIENT (id_pacient, nume, prenume, data_nastere, telefon, email, sex) VALUES (105, 'Munteanu', 'Maria', TO_DATE('2017-07-21', 'YYYY-MM-DD'), '0734295669', 'maria.munteanu@gmail.com', 'F');
INSERT INTO PACIENT (id_pacient, nume, prenume, data_nastere, telefon, email, sex) VALUES (106, 'Munteanu', 'Vlad', TO_DATE('1952-10-03', 'YYYY-MM-DD'), '0734961892', 'vlad.munteanu@yahoo.com', 'M');
INSERT INTO PACIENT (id_pacient, nume, prenume, data_nastere, telefon, email, sex) VALUES (107, 'Munteanu', 'Marius', TO_DATE('1959-12-21', 'YYYY-MM-DD'), '0764989481', 'marius.munteanu@gmail.com', 'M');
INSERT INTO PACIENT (id_pacient, nume, prenume, data_nastere, telefon, email, sex) VALUES (108, 'Munteanu', 'Ionut', TO_DATE('1954-06-12', 'YYYY-MM-DD'), '0754688737', 'ionut.munteanu@yahoo.com', 'M');

INSERT INTO SPITAL (id_spital, id_adresa, nume_spital, contact) VALUES(1, 1, 'MedCare nr.1', '0726109194');
INSERT INTO SPITAL (id_spital, id_adresa, nume_spital, contact) VALUES(2, 2, 'MedCare nr.2', '0789825212');
INSERT INTO SPITAL (id_spital, id_adresa, nume_spital, contact) VALUES(3, 3, 'MedCare nr.3', '0733180523');
INSERT INTO SPITAL (id_spital, id_adresa, nume_spital, contact) VALUES(4, 4, 'MedCare nr.4', '0732021349');
INSERT INTO SPITAL (id_spital, id_adresa, nume_spital, contact) VALUES(5, 5, 'MedCare nr.5', '0772291438');
INSERT INTO SPITAL (id_spital, id_adresa, nume_spital, contact) VALUES(6, 6, 'MedCare nr.6', '0731803977');
INSERT INTO SPITAL (id_spital, id_adresa, nume_spital, contact) VALUES(7, 7, 'MedCare nr.7', '0793644049');
INSERT INTO SPITAL (id_spital, id_adresa, nume_spital, contact) VALUES(8, 8, 'MedCare nr.17', '0737610579');
INSERT INTO SPITAL (id_spital, id_adresa, nume_spital, contact) VALUES(9, 9, 'MedCare nr.18', '0731111321');
INSERT INTO SPITAL (id_spital, id_adresa, nume_spital, contact) VALUES(10, 10, 'MedCare nr.8', '0739049644');
INSERT INTO SPITAL (id_spital, id_adresa, nume_spital, contact) VALUES(11, 11, 'MedCare nr.9', '0762501671');
INSERT INTO SPITAL (id_spital, id_adresa, nume_spital, contact) VALUES(12, 12, 'MedCare nr.10', '0774301726');
INSERT INTO SPITAL (id_spital, id_adresa, nume_spital, contact) VALUES(13, 13, 'MedCare nr.11', '0791066986');
INSERT INTO SPITAL (id_spital, id_adresa, nume_spital, contact) VALUES(14, 14, 'MedCare nr.12', '0748936964');
INSERT INTO SPITAL (id_spital, id_adresa, nume_spital, contact) VALUES(15, 15, 'MedCare nr.13', '0752330412');
INSERT INTO SPITAL (id_spital, id_adresa, nume_spital, contact) VALUES(16, 16, 'MedCare nr.14', '0725428013');
INSERT INTO SPITAL (id_spital, id_adresa, nume_spital, contact) VALUES(17, 17, 'MedCare nr.15', '0744280806');
INSERT INTO SPITAL (id_spital, id_adresa, nume_spital, contact) VALUES(18, 18, 'MedCare nr.16', '0768836802');

select * from spital;

INSERT INTO MEDICAMENT (id_medicament, nume_medicament, pret) VALUES(1, 'Paracetamol', 45.8);
INSERT INTO MEDICAMENT (id_medicament, nume_medicament, pret) VALUES(2, 'Panadol', 23.6);
INSERT INTO MEDICAMENT (id_medicament, nume_medicament, pret) VALUES(3, 'Nurofen', 35.2);
INSERT INTO MEDICAMENT (id_medicament, nume_medicament, pret) VALUES(4, 'Vibrocil', 27.1);
INSERT INTO MEDICAMENT (id_medicament, nume_medicament, pret) VALUES(5, 'Olinth', 59.7);
INSERT INTO MEDICAMENT (id_medicament, nume_medicament, pret) VALUES(6, 'Nospa', 33.7);
INSERT INTO MEDICAMENT (id_medicament, nume_medicament, pret) VALUES(7, 'Paduden', 89);
INSERT INTO MEDICAMENT (id_medicament, nume_medicament, pret) VALUES(8, 'Fervex', 71.1);
INSERT INTO MEDICAMENT (id_medicament, nume_medicament, pret) VALUES(9, 'Padusin', 9.2);
INSERT INTO MEDICAMENT (id_medicament, nume_medicament, pret) VALUES(10, 'Emetestop', 47.1);
INSERT INTO MEDICAMENT (id_medicament, nume_medicament, pret) VALUES(11, 'Voltaren', 64.2);
INSERT INTO MEDICAMENT (id_medicament, nume_medicament, pret) VALUES(12, 'Claritine', 82.2);
INSERT INTO MEDICAMENT (id_medicament, nume_medicament, pret) VALUES(13, 'Diclofenat', 7.1);
INSERT INTO MEDICAMENT (id_medicament, nume_medicament, pret) VALUES(14, 'Baneocin', 84);
INSERT INTO MEDICAMENT (id_medicament, nume_medicament, pret) VALUES(15, 'Panthenol', 9);
INSERT INTO MEDICAMENT (id_medicament, nume_medicament, pret) VALUES(16, 'Smecta', 90);
INSERT INTO MEDICAMENT (id_medicament, nume_medicament, pret) VALUES(17, 'Augumetin', 78.2);
INSERT INTO MEDICAMENT (id_medicament, nume_medicament, pret) VALUES(18, 'Zinat', 23.4);
INSERT INTO MEDICAMENT (id_medicament, nume_medicament, pret) VALUES(19, 'Aceclofen', 65.6);
INSERT INTO MEDICAMENT (id_medicament, nume_medicament, pret) VALUES(20, 'Alprazolam', 85.1);
INSERT INTO MEDICAMENT (id_medicament, nume_medicament, pret) VALUES(21, 'Ampicilina', 43.4);
INSERT INTO MEDICAMENT (id_medicament, nume_medicament, pret) VALUES(22, 'Decasept', 89.3);
INSERT INTO MEDICAMENT (id_medicament, nume_medicament, pret) VALUES(23, 'Ibuprofen', 74.8);
INSERT INTO MEDICAMENT (id_medicament, nume_medicament, pret) VALUES(24, 'Arcoxia', 44.1);

select * from medicament;

insert into specializare values(1, 'chirurgie', 4);
insert into specializare values(2, 'chirurgie', 5); 
insert into specializare values(3, 'chirurgie', 6);

insert into specializare values(4, 'specialist', 7);
insert into specializare values(5, 'rezident', 7); 
insert into specializare values(6, 'primar', 7); 

insert into specializare values(7, 'chirurgie endocrina', 8); 
insert into specializare values(8, 'chirurgie generala',null);

insert into specializare values(9, 'medicina interna', 12);
insert into specializare values(10, 'medicina interna', 13); 
insert into specializare values(11, 'medicina interna', 14); 

insert into specializare values(12, 'specialist', 15);
insert into specializare values(13, 'rezident', 15); 
insert into specializare values(14, 'primar', 15); 

insert into specializare values(15, 'cardiologie', 16); 
insert into specializare values(16, 'gastroenterologie', null);

insert into specializare values(17, 'radiologie', 20);
insert into specializare values(18, 'radiologie', 21); 
insert into specializare values(19, 'radiologie', 22); 

insert into specializare values(20, 'specialist', 23);
insert into specializare values(21, 'rezident', 23); 
insert into specializare values(22, 'primar', 23); 

insert into specializare values(23, 'radiologie imagistica', 24); 
insert into specializare values(24, 'radioterapie', null);


insert into specializare values(25, 'analize', 28);
insert into specializare values(26, 'analize', 29); 
insert into specializare values(27, 'analize', 30); 

insert into specializare values(28, 'specialist', 31);
insert into specializare values(29, 'rezident', 31); 
insert into specializare values(30, 'primar', 31); 

insert into specializare values(31, 'medicina de clinica', 32); 
insert into specializare values(32, 'microbiologie medicala', null);

select * from specializare;

INSERT INTO DOCTOR (id_doctor, id_spital, id_specializare, nume, prenume, data_angajare, salariu, email) VALUES (1, 7 , 29 ,'Enache', 'Oana', TO_DATE('2010-11-15', 'YYYY-MM-DD'), 7006, 'EnacheOana@yahoo.com');
INSERT INTO DOCTOR (id_doctor, id_spital, id_specializare, nume, prenume, data_angajare, salariu, email) VALUES (2, 1 , 1 ,'Nastase', 'Daria', TO_DATE('2011-12-21', 'YYYY-MM-DD'), 7627, 'NastaseDaria@yahoo.com');
INSERT INTO DOCTOR (id_doctor, id_spital, id_specializare, nume, prenume, data_angajare, salariu, email) VALUES (3, 3 , 5 ,'Dragomir', 'Valentina', TO_DATE('2013-12-11', 'YYYY-MM-DD'), 6122, 'DragomirValentina@yahoo.com');
INSERT INTO DOCTOR (id_doctor, id_spital, id_specializare, nume, prenume, data_angajare, salariu, email) VALUES (4, 5 , 20 ,'Constantin', 'Adrian', TO_DATE('1999-10-11', 'YYYY-MM-DD'), 7790, 'ConstantinAdrian@yahoo.com');
INSERT INTO DOCTOR (id_doctor, id_spital, id_specializare, nume, prenume, data_angajare, salariu, email) VALUES (5, 10 , 21 ,'Popa', 'Simona', TO_DATE('2014-09-09', 'YYYY-MM-DD'), 5682, 'PopaSimonaCamelia@yahoo.com');
INSERT INTO DOCTOR (id_doctor, id_spital, id_specializare, nume, prenume, data_angajare, salariu, email) VALUES (6, 8 , 3 ,'Voicu', 'Luminita', TO_DATE('1999-10-11', 'YYYY-MM-DD'), 6169, 'VoicuLuminita@yahoo.com');
INSERT INTO DOCTOR (id_doctor, id_spital, id_specializare, nume, prenume, data_angajare, salariu, email) VALUES (7, 8 , 2 ,'Oprea', 'Alexandra', TO_DATE('2021-09-23', 'YYYY-MM-DD'), 6527, 'OpreaAlexandra@yahoo.com');
INSERT INTO DOCTOR (id_doctor, id_spital, id_specializare, nume, prenume, data_angajare, salariu, email) VALUES (8, 4 , 27 ,'Popescu', 'Narcisa', TO_DATE('2021-09-23', 'YYYY-MM-DD'), 7844, 'PopescuNarcisa@yahoo.com');
INSERT INTO DOCTOR (id_doctor, id_spital, id_specializare, nume, prenume, data_angajare, salariu, email) VALUES (9, 4 , 11 ,'Calin', 'Diana', TO_DATE('2002-09-23', 'YYYY-MM-DD'), 4296, 'CalinDianaIonela@yahoo.com');
INSERT INTO DOCTOR (id_doctor, id_spital, id_specializare, nume, prenume, data_angajare, salariu, email) VALUES (10, 7 , 30 ,'Florea', 'Ana', TO_DATE('2020-01-04', 'YYYY-MM-DD'), 5757, 'FloreaAnaMaria@yahoo.com');
INSERT INTO DOCTOR (id_doctor, id_spital, id_specializare, nume, prenume, data_angajare, salariu, email) VALUES (11, 12 , 26 ,'Lascu', 'Dan', TO_DATE('2010-11-15', 'YYYY-MM-DD'), 7241, 'LascuDan@yahoo.com');
INSERT INTO DOCTOR (id_doctor, id_spital, id_specializare, nume, prenume, data_angajare, salariu, email) VALUES (12, 5 , 1 ,'Ivanov', 'Nicoleta', TO_DATE('2012-06-12', 'YYYY-MM-DD'), 7167, 'IvanovNicoleta@yahoo.com');
INSERT INTO DOCTOR (id_doctor, id_spital, id_specializare, nume, prenume, data_angajare, salariu, email) VALUES (13, 6 , 29 ,'Dobre', 'Alexandra', TO_DATE('2009-07-13', 'YYYY-MM-DD'), 5755, 'DobreAlexandra@yahoo.com');
INSERT INTO DOCTOR (id_doctor, id_spital, id_specializare, nume, prenume, data_angajare, salariu, email) VALUES (14, 5 , 29 ,'Costea', 'Marius', TO_DATE('2016-09-09', 'YYYY-MM-DD'), 5607, 'CosteaMarius@yahoo.com');
INSERT INTO DOCTOR (id_doctor, id_spital, id_specializare, nume, prenume, data_angajare, salariu, email) VALUES (15, 8 , 23 ,'Ionescu', 'Pavel', TO_DATE('2006-12-21', 'YYYY-MM-DD'), 4491, 'IonescuPavel@yahoo.com');
INSERT INTO DOCTOR (id_doctor, id_spital, id_specializare, nume, prenume, data_angajare, salariu, email) VALUES (16, 17 , 8 ,'Scutaru', 'Camelia', TO_DATE('2020-01-04', 'YYYY-MM-DD'), 7242, 'ScutaruCamelia@yahoo.com');
INSERT INTO DOCTOR (id_doctor, id_spital, id_specializare, nume, prenume, data_angajare, salariu, email) VALUES (17, 9 , 22 ,'Savu', 'Ramona', TO_DATE('2002-09-23', 'YYYY-MM-DD'), 4204, 'SavuRamona@yahoo.com');
INSERT INTO DOCTOR (id_doctor, id_spital, id_specializare, nume, prenume, data_angajare, salariu, email) VALUES (18, 3 , 26 ,'Goicea', 'Gabriel', TO_DATE('2013-12-11', 'YYYY-MM-DD'), 6339, 'GoiceaGabriel@yahoo.com');
INSERT INTO DOCTOR (id_doctor, id_spital, id_specializare, nume, prenume, data_angajare, salariu, email) VALUES (19, 17 , 8 ,'Popescu', 'Andrei', TO_DATE('2014-09-09', 'YYYY-MM-DD'), 6479, 'PopescuAndrei@yahoo.com');
INSERT INTO DOCTOR (id_doctor, id_spital, id_specializare, nume, prenume, data_angajare, salariu, email) VALUES (20, 15 , 1 ,'Marin', 'Dragos', TO_DATE('2011-09-11', 'YYYY-MM-DD'), 7050, 'MarinDragos@yahoo.com');
INSERT INTO DOCTOR (id_doctor, id_spital, id_specializare, nume, prenume, data_angajare, salariu, email) VALUES (21, 13 , 2 ,'Cernat', 'Ioane', TO_DATE('2014-09-09', 'YYYY-MM-DD'), 6893, 'CernatIoane@yahoo.com');
INSERT INTO DOCTOR (id_doctor, id_spital, id_specializare, nume, prenume, data_angajare, salariu, email) VALUES (22, 16 , 10 ,'Peiu', 'Miruna', TO_DATE('2006-12-21', 'YYYY-MM-DD'), 6088, 'PeiuMiruna@yahoo.com');
INSERT INTO DOCTOR (id_doctor, id_spital, id_specializare, nume, prenume, data_angajare, salariu, email) VALUES (23, 2 , 13 ,'Tatomir', 'Elena', TO_DATE('2017-04-03', 'YYYY-MM-DD'), 7593, 'TatomirElena@yahoo.com');
INSERT INTO DOCTOR (id_doctor, id_spital, id_specializare, nume, prenume, data_angajare, salariu, email) VALUES (24, 4 , 10 ,'Constantinescu', 'Dragomir', TO_DATE('2019-11-15', 'YYYY-MM-DD'), 4619, 'ConstantinescuDragomir@yahoo.com');
INSERT INTO DOCTOR (id_doctor, id_spital, id_specializare, nume, prenume, data_angajare, salariu, email) VALUES (25, 10 , 12 ,'Dumitrache', 'Alexandra', TO_DATE('2002-09-23', 'YYYY-MM-DD'), 7037, 'DumitracheAlexandra@yahoo.com');
INSERT INTO DOCTOR (id_doctor, id_spital, id_specializare, nume, prenume, data_angajare, salariu, email) VALUES (26, 10 , 17 ,'Alexandru', 'Ionela', TO_DATE('2011-09-11', 'YYYY-MM-DD'), 5145, 'AlexandruIonela@yahoo.com');
INSERT INTO DOCTOR (id_doctor, id_spital, id_specializare, nume, prenume, data_angajare, salariu, email) VALUES (27, 14 , 17 ,'Bacanu', 'Manuel', TO_DATE('2014-09-09', 'YYYY-MM-DD'), 6323, 'BacanuManuel@yahoo.com');
INSERT INTO DOCTOR (id_doctor, id_spital, id_specializare, nume, prenume, data_angajare, salariu, email) VALUES (28, 3 , 24 ,'Matei', 'Ana', TO_DATE('2019-11-15', 'YYYY-MM-DD'), 6204, 'MateiAnaMaria@yahoo.com');
INSERT INTO DOCTOR (id_doctor, id_spital, id_specializare, nume, prenume, data_angajare, salariu, email) VALUES (29, 7 , 9 ,'Pana', 'Daniela', TO_DATE('2013-12-11', 'YYYY-MM-DD'), 5797, 'PanaDaniela@yahoo.com');
INSERT INTO DOCTOR (id_doctor, id_spital, id_specializare, nume, prenume, data_angajare, salariu, email) VALUES (30, 15 , 2 ,'Popa', 'Claudia', TO_DATE('2014-09-09', 'YYYY-MM-DD'), 4758, 'PopaClaudia@yahoo.com');
INSERT INTO DOCTOR (id_doctor, id_spital, id_specializare, nume, prenume, data_angajare, salariu, email) VALUES (31, 2 , 3 ,'Grecu', 'Cristiana', TO_DATE('2010-11-15', 'YYYY-MM-DD'), 6067, 'GrecuCristiana@yahoo.com');
INSERT INTO DOCTOR (id_doctor, id_spital, id_specializare, nume, prenume, data_angajare, salariu, email) VALUES (32, 15 , 14 ,'Cazacu', 'Ramona', TO_DATE('2011-09-11', 'YYYY-MM-DD'), 6594, 'CazacuRamona@yahoo.com');
INSERT INTO DOCTOR (id_doctor, id_spital, id_specializare, nume, prenume, data_angajare, salariu, email) VALUES (33, 1 , 16 ,'Dumitrecu', 'Andra', TO_DATE('2009-07-13', 'YYYY-MM-DD'), 7572, 'DumitrecuAndra@yahoo.com');
INSERT INTO DOCTOR (id_doctor, id_spital, id_specializare, nume, prenume, data_angajare, salariu, email) VALUES (34, 3 , 25 ,'Constantin', 'Maria', TO_DATE('2011-12-21', 'YYYY-MM-DD'), 7052, 'ConstantinMaria@yahoo.com');
INSERT INTO DOCTOR (id_doctor, id_spital, id_specializare, nume, prenume, data_angajare, salariu, email) VALUES (35, 17 , 22 ,'Mateiu', 'Bogdan', TO_DATE('2009-07-13', 'YYYY-MM-DD'), 7129, 'MateiuBogdan@yahoo.com');
INSERT INTO DOCTOR (id_doctor, id_spital, id_specializare, nume, prenume, data_angajare, salariu, email) VALUES (36, 15 , 27 ,'Miron', 'Ionela', TO_DATE('2009-07-13', 'YYYY-MM-DD'), 4652, 'MironIonela@yahoo.com');
INSERT INTO DOCTOR (id_doctor, id_spital, id_specializare, nume, prenume, data_angajare, salariu, email) VALUES (37, 15 , 24 ,'Alexandrescu', 'Mara', TO_DATE('2020-04-08', 'YYYY-MM-DD'), 4902, 'AlexandrescuMara@yahoo.com');
INSERT INTO DOCTOR (id_doctor, id_spital, id_specializare, nume, prenume, data_angajare, salariu, email) VALUES (38, 1 , 30 ,'Diaconescu', 'Mariana', TO_DATE('2019-11-15', 'YYYY-MM-DD'), 4318, 'DiaconescuMariana@yahoo.com');
INSERT INTO DOCTOR (id_doctor, id_spital, id_specializare, nume, prenume, data_angajare, salariu, email) VALUES (39, 1 , 1 ,'Neacsu', 'Lavinia', TO_DATE('2019-11-15', 'YYYY-MM-DD'), 5931, 'NeacsuLavinia@yahoo.com');
INSERT INTO DOCTOR (id_doctor, id_spital, id_specializare, nume, prenume, data_angajare, salariu, email) VALUES (40, 8 , 22 ,'Dobre', 'Andrei', TO_DATE('2016-01-14', 'YYYY-MM-DD'), 7097, 'DobreAndrei@yahoo.com');

select * from doctor;

INSERT INTO DIAGNOSTIC (id_diagnostic, denumire_diagnostic) VALUES (1, 'bronsita');
INSERT INTO DIAGNOSTIC (id_diagnostic, denumire_diagnostic) VALUES (2, 'faringita');
INSERT INTO DIAGNOSTIC (id_diagnostic, denumire_diagnostic) VALUES (3, 'laringita');
INSERT INTO DIAGNOSTIC (id_diagnostic, denumire_diagnostic) VALUES (4, 'cancer');
INSERT INTO DIAGNOSTIC (id_diagnostic, denumire_diagnostic) VALUES (5, 'hepatita');
INSERT INTO DIAGNOSTIC (id_diagnostic, denumire_diagnostic) VALUES (6, 'fractura');
INSERT INTO DIAGNOSTIC (id_diagnostic, denumire_diagnostic) VALUES (7, 'boli infectioase');
INSERT INTO DIAGNOSTIC (id_diagnostic, denumire_diagnostic) VALUES (8, 'micoza');
INSERT INTO DIAGNOSTIC (id_diagnostic, denumire_diagnostic) VALUES (9, 'oreion');
INSERT INTO DIAGNOSTIC (id_diagnostic, denumire_diagnostic) VALUES (10, 'leucemie');
INSERT INTO DIAGNOSTIC (id_diagnostic, denumire_diagnostic) VALUES (11, 'anemie');
INSERT INTO DIAGNOSTIC (id_diagnostic, denumire_diagnostic) VALUES (12, 'deficit imunitar');
INSERT INTO DIAGNOSTIC (id_diagnostic, denumire_diagnostic) VALUES (13, 'carenta de zinc');
INSERT INTO DIAGNOSTIC (id_diagnostic, denumire_diagnostic) VALUES (14, 'carenta de magneziu');
INSERT INTO DIAGNOSTIC (id_diagnostic, denumire_diagnostic) VALUES (15, 'diabet');
INSERT INTO DIAGNOSTIC (id_diagnostic, denumire_diagnostic) VALUES (16, 'fibroza chistica');

select * from diagnostic;


INSERT INTO reteta (id_reteta, data_reteta, descriere) VALUES (1, TO_DATE('2005-10-03', 'YYYY-MM-DD'), 'Dimineata si seara de 2 ori pe zi');
INSERT INTO reteta (id_reteta, data_reteta, descriere) VALUES (2, TO_DATE('2005-10-03', 'YYYY-MM-DD'), 'De 3 ori pe zi');
INSERT INTO reteta (id_reteta, data_reteta, descriere) VALUES (3, TO_DATE('2005-10-03', 'YYYY-MM-DD'), '2 capsule inainte de fiecare masa');
INSERT INTO reteta (id_reteta, data_reteta, descriere) VALUES (4, TO_DATE('2005-10-03', 'YYYY-MM-DD'), 'Seara inainte de culcare');
INSERT INTO reteta (id_reteta, data_reteta, descriere) VALUES (5, TO_DATE('2005-10-03', 'YYYY-MM-DD'), '1 comprimat la 6 ore');
INSERT INTO reteta (id_reteta, data_reteta, descriere) VALUES (6, TO_DATE('2005-10-03', 'YYYY-MM-DD'), 'O doza la 12 ore');
INSERT INTO reteta (id_reteta, data_reteta, descriere) VALUES (7, TO_DATE('2005-10-03', 'YYYY-MM-DD'), 'Aplicati circular timp de 10 minute');
INSERT INTO reteta (id_reteta, data_reteta, descriere) VALUES (8, TO_DATE('2005-10-03', 'YYYY-MM-DD'), 'Dimineata si seara inainte de masa');
INSERT INTO reteta (id_reteta, data_reteta, descriere) VALUES (9, TO_DATE('2005-10-03', 'YYYY-MM-DD'), 'Dimineata si seara dupa masa');
INSERT INTO reteta (id_reteta, data_reteta, descriere) VALUES (10, TO_DATE('2005-10-03', 'YYYY-MM-DD'), 'Un comprimat la 4 ore');
INSERT INTO reteta (id_reteta, data_reteta, descriere) VALUES (11, TO_DATE('2005-10-03', 'YYYY-MM-DD'), 'O pastila pe zi timp de 12 zile');
INSERT INTO reteta (id_reteta, data_reteta, descriere) VALUES (12, TO_DATE('2005-10-03', 'YYYY-MM-DD'), 'O pastila pe zi timp de 15 zile');
INSERT INTO reteta (id_reteta, data_reteta, descriere) VALUES (13, TO_DATE('2005-10-03', 'YYYY-MM-DD'), 'O pastila pe zi timp de 10 zile');
INSERT INTO reteta (id_reteta, data_reteta, descriere) VALUES (14, TO_DATE('2005-10-03', 'YYYY-MM-DD'), 'Dupa fiecare masa timp de 10 zile');
INSERT INTO reteta (id_reteta, data_reteta, descriere) VALUES (15, TO_DATE('2005-10-03', 'YYYY-MM-DD'), '2 capsule dimineata pe stomcul gol');
INSERT INTO reteta (id_reteta, data_reteta, descriere) VALUES (16, TO_DATE('2005-10-03', 'YYYY-MM-DD'), '2 pastile pe zi inainte de culcare');
INSERT INTO reteta (id_reteta, data_reteta, descriere) VALUES (17, TO_DATE('2005-10-03', 'YYYY-MM-DD'), '1 comprimat la 8 ore timp de 14 zile');
INSERT INTO reteta (id_reteta, data_reteta, descriere) VALUES (18, TO_DATE('2012-06-12', 'YYYY-MM-DD'), 'Dimineata si seara de 2 ori pe zi');
INSERT INTO reteta (id_reteta, data_reteta, descriere) VALUES (19, TO_DATE('2012-06-12', 'YYYY-MM-DD'), 'De 3 ori pe zi');
INSERT INTO reteta (id_reteta, data_reteta, descriere) VALUES (20, TO_DATE('2012-06-12', 'YYYY-MM-DD'), '2 capsule inainte de fiecare masa');
INSERT INTO reteta (id_reteta, data_reteta, descriere) VALUES (21, TO_DATE('2012-06-12', 'YYYY-MM-DD'), 'Seara inainte de culcare');
INSERT INTO reteta (id_reteta, data_reteta, descriere) VALUES (22, TO_DATE('2012-06-12', 'YYYY-MM-DD'), '1 comprimat la 6 ore');
INSERT INTO reteta (id_reteta, data_reteta, descriere) VALUES (23, TO_DATE('2012-06-12', 'YYYY-MM-DD'), 'O doza la 12 ore');
INSERT INTO reteta (id_reteta, data_reteta, descriere) VALUES (24, TO_DATE('2012-06-12', 'YYYY-MM-DD'), 'Aplicati circular timp de 10 minute');
INSERT INTO reteta (id_reteta, data_reteta, descriere) VALUES (25, TO_DATE('2012-06-12', 'YYYY-MM-DD'), 'Dimineata si seara inainte de masa');
INSERT INTO reteta (id_reteta, data_reteta, descriere) VALUES (26, TO_DATE('2012-06-12', 'YYYY-MM-DD'), 'Dimineata si seara dupa masa');
INSERT INTO reteta (id_reteta, data_reteta, descriere) VALUES (27, TO_DATE('2012-06-12', 'YYYY-MM-DD'), 'Un comprimat la 4 ore');
INSERT INTO reteta (id_reteta, data_reteta, descriere) VALUES (28, TO_DATE('2012-06-12', 'YYYY-MM-DD'), 'O pastila pe zi timp de 12 zile');
INSERT INTO reteta (id_reteta, data_reteta, descriere) VALUES (29, TO_DATE('2012-06-12', 'YYYY-MM-DD'), 'O pastila pe zi timp de 15 zile');
INSERT INTO reteta (id_reteta, data_reteta, descriere) VALUES (30, TO_DATE('2012-06-12', 'YYYY-MM-DD'), 'O pastila pe zi timp de 10 zile');
INSERT INTO reteta (id_reteta, data_reteta, descriere) VALUES (31, TO_DATE('2012-06-12', 'YYYY-MM-DD'), 'Dupa fiecare masa timp de 10 zile');
INSERT INTO reteta (id_reteta, data_reteta, descriere) VALUES (32, TO_DATE('2012-06-12', 'YYYY-MM-DD'), '2 capsule dimineata pe stomcul gol');
INSERT INTO reteta (id_reteta, data_reteta, descriere) VALUES (33, TO_DATE('2012-06-12', 'YYYY-MM-DD'), '2 pastile pe zi inainte de culcare');
INSERT INTO reteta (id_reteta, data_reteta, descriere) VALUES (34, TO_DATE('2012-06-12', 'YYYY-MM-DD'), '1 comprimat la 8 ore timp de 14 zile');
INSERT INTO reteta (id_reteta, data_reteta, descriere) VALUES (35, TO_DATE('2021-09-23', 'YYYY-MM-DD'), 'Dimineata si seara de 2 ori pe zi');
INSERT INTO reteta (id_reteta, data_reteta, descriere) VALUES (36, TO_DATE('2021-09-23', 'YYYY-MM-DD'), 'De 3 ori pe zi');
INSERT INTO reteta (id_reteta, data_reteta, descriere) VALUES (37, TO_DATE('2021-09-23', 'YYYY-MM-DD'), '2 capsule inainte de fiecare masa');
INSERT INTO reteta (id_reteta, data_reteta, descriere) VALUES (38, TO_DATE('2021-09-23', 'YYYY-MM-DD'), 'Seara inainte de culcare');
INSERT INTO reteta (id_reteta, data_reteta, descriere) VALUES (39, TO_DATE('2021-09-23', 'YYYY-MM-DD'), '1 comprimat la 6 ore');
INSERT INTO reteta (id_reteta, data_reteta, descriere) VALUES (40, TO_DATE('2021-09-23', 'YYYY-MM-DD'), 'O doza la 12 ore');
INSERT INTO reteta (id_reteta, data_reteta, descriere) VALUES (41, TO_DATE('2021-09-23', 'YYYY-MM-DD'), 'Aplicati circular timp de 10 minute');
INSERT INTO reteta (id_reteta, data_reteta, descriere) VALUES (42, TO_DATE('2021-09-23', 'YYYY-MM-DD'), 'Dimineata si seara inainte de masa');
INSERT INTO reteta (id_reteta, data_reteta, descriere) VALUES (43, TO_DATE('2021-09-23', 'YYYY-MM-DD'), 'Dimineata si seara dupa masa');
INSERT INTO reteta (id_reteta, data_reteta, descriere) VALUES (44, TO_DATE('2021-09-23', 'YYYY-MM-DD'), 'Un comprimat la 4 ore');
INSERT INTO reteta (id_reteta, data_reteta, descriere) VALUES (45, TO_DATE('2021-09-23', 'YYYY-MM-DD'), 'O pastila pe zi timp de 12 zile');
INSERT INTO reteta (id_reteta, data_reteta, descriere) VALUES (46, TO_DATE('2021-09-23', 'YYYY-MM-DD'), 'O pastila pe zi timp de 15 zile');
INSERT INTO reteta (id_reteta, data_reteta, descriere) VALUES (47, TO_DATE('2021-09-23', 'YYYY-MM-DD'), 'O pastila pe zi timp de 10 zile');
INSERT INTO reteta (id_reteta, data_reteta, descriere) VALUES (48, TO_DATE('2021-09-23', 'YYYY-MM-DD'), 'Dupa fiecare masa timp de 10 zile');
INSERT INTO reteta (id_reteta, data_reteta, descriere) VALUES (49, TO_DATE('2021-09-23', 'YYYY-MM-DD'), '2 capsule dimineata pe stomcul gol');
INSERT INTO reteta (id_reteta, data_reteta, descriere) VALUES (50, TO_DATE('2021-09-23', 'YYYY-MM-DD'), '2 pastile pe zi inainte de culcare');
INSERT INTO reteta (id_reteta, data_reteta, descriere) VALUES (51, TO_DATE('2021-09-23', 'YYYY-MM-DD'), '1 comprimat la 8 ore timp de 14 zile');
INSERT INTO reteta (id_reteta, data_reteta, descriere) VALUES (52, TO_DATE('2020-04-08', 'YYYY-MM-DD'), 'Dimineata si seara de 2 ori pe zi');
INSERT INTO reteta (id_reteta, data_reteta, descriere) VALUES (53, TO_DATE('2020-04-08', 'YYYY-MM-DD'), 'De 3 ori pe zi');
INSERT INTO reteta (id_reteta, data_reteta, descriere) VALUES (54, TO_DATE('2020-04-08', 'YYYY-MM-DD'), '2 capsule inainte de fiecare masa');
INSERT INTO reteta (id_reteta, data_reteta, descriere) VALUES (55, TO_DATE('2020-04-08', 'YYYY-MM-DD'), 'Seara inainte de culcare');
INSERT INTO reteta (id_reteta, data_reteta, descriere) VALUES (56, TO_DATE('2020-04-08', 'YYYY-MM-DD'), '1 comprimat la 6 ore');
INSERT INTO reteta (id_reteta, data_reteta, descriere) VALUES (57, TO_DATE('2020-04-08', 'YYYY-MM-DD'), 'O doza la 12 ore');
INSERT INTO reteta (id_reteta, data_reteta, descriere) VALUES (58, TO_DATE('2020-04-08', 'YYYY-MM-DD'), 'Aplicati circular timp de 10 minute');
INSERT INTO reteta (id_reteta, data_reteta, descriere) VALUES (59, TO_DATE('2020-04-08', 'YYYY-MM-DD'), 'Dimineata si seara inainte de masa');
INSERT INTO reteta (id_reteta, data_reteta, descriere) VALUES (60, TO_DATE('2020-04-08', 'YYYY-MM-DD'), 'Dimineata si seara dupa masa');
INSERT INTO reteta (id_reteta, data_reteta, descriere) VALUES (61, TO_DATE('2020-04-08', 'YYYY-MM-DD'), 'Un comprimat la 4 ore');
INSERT INTO reteta (id_reteta, data_reteta, descriere) VALUES (62, TO_DATE('2020-04-08', 'YYYY-MM-DD'), 'O pastila pe zi timp de 12 zile');
INSERT INTO reteta (id_reteta, data_reteta, descriere) VALUES (63, TO_DATE('2020-04-08', 'YYYY-MM-DD'), 'O pastila pe zi timp de 15 zile');
INSERT INTO reteta (id_reteta, data_reteta, descriere) VALUES (64, TO_DATE('2020-04-08', 'YYYY-MM-DD'), 'O pastila pe zi timp de 10 zile');
INSERT INTO reteta (id_reteta, data_reteta, descriere) VALUES (65, TO_DATE('2020-04-08', 'YYYY-MM-DD'), 'Dupa fiecare masa timp de 10 zile');
INSERT INTO reteta (id_reteta, data_reteta, descriere) VALUES (66, TO_DATE('2020-04-08', 'YYYY-MM-DD'), '2 capsule dimineata pe stomcul gol');
INSERT INTO reteta (id_reteta, data_reteta, descriere) VALUES (67, TO_DATE('2020-04-08', 'YYYY-MM-DD'), '2 pastile pe zi inainte de culcare');
INSERT INTO reteta (id_reteta, data_reteta, descriere) VALUES (68, TO_DATE('2020-04-08', 'YYYY-MM-DD'), '1 comprimat la 8 ore timp de 14 zile');
INSERT INTO reteta (id_reteta, data_reteta, descriere) VALUES (69, TO_DATE('1999-10-11', 'YYYY-MM-DD'), 'Dimineata si seara de 2 ori pe zi');
INSERT INTO reteta (id_reteta, data_reteta, descriere) VALUES (70, TO_DATE('1999-10-11', 'YYYY-MM-DD'), 'De 3 ori pe zi');
INSERT INTO reteta (id_reteta, data_reteta, descriere) VALUES (71, TO_DATE('1999-10-11', 'YYYY-MM-DD'), '2 capsule inainte de fiecare masa');
INSERT INTO reteta (id_reteta, data_reteta, descriere) VALUES (72, TO_DATE('1999-10-11', 'YYYY-MM-DD'), 'Seara inainte de culcare');
INSERT INTO reteta (id_reteta, data_reteta, descriere) VALUES (73, TO_DATE('1999-10-11', 'YYYY-MM-DD'), '1 comprimat la 6 ore');
INSERT INTO reteta (id_reteta, data_reteta, descriere) VALUES (74, TO_DATE('1999-10-11', 'YYYY-MM-DD'), 'O doza la 12 ore');
INSERT INTO reteta (id_reteta, data_reteta, descriere) VALUES (75, TO_DATE('1999-10-11', 'YYYY-MM-DD'), 'Aplicati circular timp de 10 minute');
INSERT INTO reteta (id_reteta, data_reteta, descriere) VALUES (76, TO_DATE('1999-10-11', 'YYYY-MM-DD'), 'Dimineata si seara inainte de masa');
INSERT INTO reteta (id_reteta, data_reteta, descriere) VALUES (77, TO_DATE('1999-10-11', 'YYYY-MM-DD'), 'Dimineata si seara dupa masa');
INSERT INTO reteta (id_reteta, data_reteta, descriere) VALUES (78, TO_DATE('1999-10-11', 'YYYY-MM-DD'), 'Un comprimat la 4 ore');
INSERT INTO reteta (id_reteta, data_reteta, descriere) VALUES (79, TO_DATE('1999-10-11', 'YYYY-MM-DD'), 'O pastila pe zi timp de 12 zile');
INSERT INTO reteta (id_reteta, data_reteta, descriere) VALUES (80, TO_DATE('1999-10-11', 'YYYY-MM-DD'), 'O pastila pe zi timp de 15 zile');
INSERT INTO reteta (id_reteta, data_reteta, descriere) VALUES (81, TO_DATE('1999-10-11', 'YYYY-MM-DD'), 'O pastila pe zi timp de 10 zile');
INSERT INTO reteta (id_reteta, data_reteta, descriere) VALUES (82, TO_DATE('1999-10-11', 'YYYY-MM-DD'), 'Dupa fiecare masa timp de 10 zile');
INSERT INTO reteta (id_reteta, data_reteta, descriere) VALUES (83, TO_DATE('1999-10-11', 'YYYY-MM-DD'), '2 capsule dimineata pe stomcul gol');
INSERT INTO reteta (id_reteta, data_reteta, descriere) VALUES (84, TO_DATE('1999-10-11', 'YYYY-MM-DD'), '2 pastile pe zi inainte de culcare');
INSERT INTO reteta (id_reteta, data_reteta, descriere) VALUES (85, TO_DATE('1999-10-11', 'YYYY-MM-DD'), '1 comprimat la 8 ore timp de 14 zile');
INSERT INTO reteta (id_reteta, data_reteta, descriere) VALUES (86, TO_DATE('2016-01-14', 'YYYY-MM-DD'), 'Dimineata si seara de 2 ori pe zi');
INSERT INTO reteta (id_reteta, data_reteta, descriere) VALUES (87, TO_DATE('2016-01-14', 'YYYY-MM-DD'), 'De 3 ori pe zi');
INSERT INTO reteta (id_reteta, data_reteta, descriere) VALUES (88, TO_DATE('2016-01-14', 'YYYY-MM-DD'), '2 capsule inainte de fiecare masa');
INSERT INTO reteta (id_reteta, data_reteta, descriere) VALUES (89, TO_DATE('2016-01-14', 'YYYY-MM-DD'), 'Seara inainte de culcare');
INSERT INTO reteta (id_reteta, data_reteta, descriere) VALUES (90, TO_DATE('2016-01-14', 'YYYY-MM-DD'), '1 comprimat la 6 ore');
INSERT INTO reteta (id_reteta, data_reteta, descriere) VALUES (91, TO_DATE('2016-01-14', 'YYYY-MM-DD'), 'O doza la 12 ore');
INSERT INTO reteta (id_reteta, data_reteta, descriere) VALUES (92, TO_DATE('2016-01-14', 'YYYY-MM-DD'), 'Aplicati circular timp de 10 minute');
INSERT INTO reteta (id_reteta, data_reteta, descriere) VALUES (93, TO_DATE('2016-01-14', 'YYYY-MM-DD'), 'Dimineata si seara inainte de masa');
INSERT INTO reteta (id_reteta, data_reteta, descriere) VALUES (94, TO_DATE('2016-01-14', 'YYYY-MM-DD'), 'Dimineata si seara dupa masa');
INSERT INTO reteta (id_reteta, data_reteta, descriere) VALUES (95, TO_DATE('2016-01-14', 'YYYY-MM-DD'), 'Un comprimat la 4 ore');
INSERT INTO reteta (id_reteta, data_reteta, descriere) VALUES (96, TO_DATE('2016-01-14', 'YYYY-MM-DD'), 'O pastila pe zi timp de 12 zile');
INSERT INTO reteta (id_reteta, data_reteta, descriere) VALUES (97, TO_DATE('2016-01-14', 'YYYY-MM-DD'), 'O pastila pe zi timp de 15 zile');
INSERT INTO reteta (id_reteta, data_reteta, descriere) VALUES (98, TO_DATE('2016-01-14', 'YYYY-MM-DD'), 'O pastila pe zi timp de 10 zile');
INSERT INTO reteta (id_reteta, data_reteta, descriere) VALUES (99, TO_DATE('2016-01-14', 'YYYY-MM-DD'), 'Dupa fiecare masa timp de 10 zile');
INSERT INTO reteta (id_reteta, data_reteta, descriere) VALUES (100, TO_DATE('2016-01-14', 'YYYY-MM-DD'), '2 capsule dimineata pe stomcul gol');
INSERT INTO reteta (id_reteta, data_reteta, descriere) VALUES (101, TO_DATE('2016-01-14', 'YYYY-MM-DD'), '2 pastile pe zi inainte de culcare');
INSERT INTO reteta (id_reteta, data_reteta, descriere) VALUES (102, TO_DATE('2016-01-14', 'YYYY-MM-DD'), '1 comprimat la 8 ore timp de 14 zile');
INSERT INTO reteta (id_reteta, data_reteta, descriere) VALUES (103, TO_DATE('2018-05-25', 'YYYY-MM-DD'), 'Dimineata si seara de 2 ori pe zi');
INSERT INTO reteta (id_reteta, data_reteta, descriere) VALUES (104, TO_DATE('2018-05-25', 'YYYY-MM-DD'), 'De 3 ori pe zi');
INSERT INTO reteta (id_reteta, data_reteta, descriere) VALUES (105, TO_DATE('2018-05-25', 'YYYY-MM-DD'), '2 capsule inainte de fiecare masa');
INSERT INTO reteta (id_reteta, data_reteta, descriere) VALUES (106, TO_DATE('2018-05-25', 'YYYY-MM-DD'), 'Seara inainte de culcare');
INSERT INTO reteta (id_reteta, data_reteta, descriere) VALUES (107, TO_DATE('2018-05-25', 'YYYY-MM-DD'), '1 comprimat la 6 ore');
INSERT INTO reteta (id_reteta, data_reteta, descriere) VALUES (108, TO_DATE('2018-05-25', 'YYYY-MM-DD'), 'O doza la 12 ore');
INSERT INTO reteta (id_reteta, data_reteta, descriere) VALUES (109, TO_DATE('2018-05-25', 'YYYY-MM-DD'), 'Aplicati circular timp de 10 minute');
INSERT INTO reteta (id_reteta, data_reteta, descriere) VALUES (110, TO_DATE('2018-05-25', 'YYYY-MM-DD'), 'Dimineata si seara inainte de masa');
INSERT INTO reteta (id_reteta, data_reteta, descriere) VALUES (111, TO_DATE('2018-05-25', 'YYYY-MM-DD'), 'Dimineata si seara dupa masa');
INSERT INTO reteta (id_reteta, data_reteta, descriere) VALUES (112, TO_DATE('2018-05-25', 'YYYY-MM-DD'), 'Un comprimat la 4 ore');
INSERT INTO reteta (id_reteta, data_reteta, descriere) VALUES (113, TO_DATE('2018-05-25', 'YYYY-MM-DD'), 'O pastila pe zi timp de 12 zile');
INSERT INTO reteta (id_reteta, data_reteta, descriere) VALUES (114, TO_DATE('2018-05-25', 'YYYY-MM-DD'), 'O pastila pe zi timp de 15 zile');
INSERT INTO reteta (id_reteta, data_reteta, descriere) VALUES (115, TO_DATE('2018-05-25', 'YYYY-MM-DD'), 'O pastila pe zi timp de 10 zile');
INSERT INTO reteta (id_reteta, data_reteta, descriere) VALUES (116, TO_DATE('2018-05-25', 'YYYY-MM-DD'), 'Dupa fiecare masa timp de 10 zile');
INSERT INTO reteta (id_reteta, data_reteta, descriere) VALUES (117, TO_DATE('2018-05-25', 'YYYY-MM-DD'), '2 capsule dimineata pe stomcul gol');
INSERT INTO reteta (id_reteta, data_reteta, descriere) VALUES (118, TO_DATE('2018-05-25', 'YYYY-MM-DD'), '2 pastile pe zi inainte de culcare');
INSERT INTO reteta (id_reteta, data_reteta, descriere) VALUES (119, TO_DATE('2018-05-25', 'YYYY-MM-DD'), '1 comprimat la 8 ore timp de 14 zile');
INSERT INTO reteta (id_reteta, data_reteta, descriere) VALUES (120, TO_DATE('2011-09-11', 'YYYY-MM-DD'), 'Dimineata si seara de 2 ori pe zi');
INSERT INTO reteta (id_reteta, data_reteta, descriere) VALUES (121, TO_DATE('2011-09-11', 'YYYY-MM-DD'), 'De 3 ori pe zi');
INSERT INTO reteta (id_reteta, data_reteta, descriere) VALUES (122, TO_DATE('2011-09-11', 'YYYY-MM-DD'), '2 capsule inainte de fiecare masa');
INSERT INTO reteta (id_reteta, data_reteta, descriere) VALUES (123, TO_DATE('2011-09-11', 'YYYY-MM-DD'), 'Seara inainte de culcare');
INSERT INTO reteta (id_reteta, data_reteta, descriere) VALUES (124, TO_DATE('2011-09-11', 'YYYY-MM-DD'), '1 comprimat la 6 ore');
INSERT INTO reteta (id_reteta, data_reteta, descriere) VALUES (125, TO_DATE('2011-09-11', 'YYYY-MM-DD'), 'O doza la 12 ore');
INSERT INTO reteta (id_reteta, data_reteta, descriere) VALUES (126, TO_DATE('2011-09-11', 'YYYY-MM-DD'), 'Aplicati circular timp de 10 minute');
INSERT INTO reteta (id_reteta, data_reteta, descriere) VALUES (127, TO_DATE('2011-09-11', 'YYYY-MM-DD'), 'Dimineata si seara inainte de masa');
INSERT INTO reteta (id_reteta, data_reteta, descriere) VALUES (128, TO_DATE('2011-09-11', 'YYYY-MM-DD'), 'Dimineata si seara dupa masa');
INSERT INTO reteta (id_reteta, data_reteta, descriere) VALUES (129, TO_DATE('2011-09-11', 'YYYY-MM-DD'), 'Un comprimat la 4 ore');
INSERT INTO reteta (id_reteta, data_reteta, descriere) VALUES (130, TO_DATE('2011-09-11', 'YYYY-MM-DD'), 'O pastila pe zi timp de 12 zile');
INSERT INTO reteta (id_reteta, data_reteta, descriere) VALUES (131, TO_DATE('2011-09-11', 'YYYY-MM-DD'), 'O pastila pe zi timp de 15 zile');
INSERT INTO reteta (id_reteta, data_reteta, descriere) VALUES (132, TO_DATE('2011-09-11', 'YYYY-MM-DD'), 'O pastila pe zi timp de 10 zile');
INSERT INTO reteta (id_reteta, data_reteta, descriere) VALUES (133, TO_DATE('2011-09-11', 'YYYY-MM-DD'), 'Dupa fiecare masa timp de 10 zile');
INSERT INTO reteta (id_reteta, data_reteta, descriere) VALUES (134, TO_DATE('2011-09-11', 'YYYY-MM-DD'), '2 capsule dimineata pe stomcul gol');
INSERT INTO reteta (id_reteta, data_reteta, descriere) VALUES (135, TO_DATE('2011-09-11', 'YYYY-MM-DD'), '2 pastile pe zi inainte de culcare');
INSERT INTO reteta (id_reteta, data_reteta, descriere) VALUES (136, TO_DATE('2011-09-11', 'YYYY-MM-DD'), '1 comprimat la 8 ore timp de 14 zile');
INSERT INTO reteta (id_reteta, data_reteta, descriere) VALUES (137, TO_DATE('2017-04-03', 'YYYY-MM-DD'), 'Dimineata si seara de 2 ori pe zi');
INSERT INTO reteta (id_reteta, data_reteta, descriere) VALUES (138, TO_DATE('2017-04-03', 'YYYY-MM-DD'), 'De 3 ori pe zi');
INSERT INTO reteta (id_reteta, data_reteta, descriere) VALUES (139, TO_DATE('2017-04-03', 'YYYY-MM-DD'), '2 capsule inainte de fiecare masa');
INSERT INTO reteta (id_reteta, data_reteta, descriere) VALUES (140, TO_DATE('2017-04-03', 'YYYY-MM-DD'), 'Seara inainte de culcare');
INSERT INTO reteta (id_reteta, data_reteta, descriere) VALUES (141, TO_DATE('2017-04-03', 'YYYY-MM-DD'), '1 comprimat la 6 ore');
INSERT INTO reteta (id_reteta, data_reteta, descriere) VALUES (142, TO_DATE('2017-04-03', 'YYYY-MM-DD'), 'O doza la 12 ore');
INSERT INTO reteta (id_reteta, data_reteta, descriere) VALUES (143, TO_DATE('2017-04-03', 'YYYY-MM-DD'), 'Aplicati circular timp de 10 minute');
INSERT INTO reteta (id_reteta, data_reteta, descriere) VALUES (144, TO_DATE('2017-04-03', 'YYYY-MM-DD'), 'Dimineata si seara inainte de masa');
INSERT INTO reteta (id_reteta, data_reteta, descriere) VALUES (145, TO_DATE('2017-04-03', 'YYYY-MM-DD'), 'Dimineata si seara dupa masa');
INSERT INTO reteta (id_reteta, data_reteta, descriere) VALUES (146, TO_DATE('2017-04-03', 'YYYY-MM-DD'), 'Un comprimat la 4 ore');
INSERT INTO reteta (id_reteta, data_reteta, descriere) VALUES (147, TO_DATE('2017-04-03', 'YYYY-MM-DD'), 'O pastila pe zi timp de 12 zile');
INSERT INTO reteta (id_reteta, data_reteta, descriere) VALUES (148, TO_DATE('2017-04-03', 'YYYY-MM-DD'), 'O pastila pe zi timp de 15 zile');
INSERT INTO reteta (id_reteta, data_reteta, descriere) VALUES (149, TO_DATE('2017-04-03', 'YYYY-MM-DD'), 'O pastila pe zi timp de 10 zile');
INSERT INTO reteta (id_reteta, data_reteta, descriere) VALUES (150, TO_DATE('2017-04-03', 'YYYY-MM-DD'), 'Dupa fiecare masa timp de 10 zile');
INSERT INTO reteta (id_reteta, data_reteta, descriere) VALUES (151, TO_DATE('2017-04-03', 'YYYY-MM-DD'), '2 capsule dimineata pe stomcul gol');
INSERT INTO reteta (id_reteta, data_reteta, descriere) VALUES (152, TO_DATE('2017-04-03', 'YYYY-MM-DD'), '2 pastile pe zi inainte de culcare');
INSERT INTO reteta (id_reteta, data_reteta, descriere) VALUES (153, TO_DATE('2017-04-03', 'YYYY-MM-DD'), '1 comprimat la 8 ore timp de 14 zile');
INSERT INTO reteta (id_reteta, data_reteta, descriere) VALUES (154, TO_DATE('2020-01-04', 'YYYY-MM-DD'), 'Dimineata si seara de 2 ori pe zi');
INSERT INTO reteta (id_reteta, data_reteta, descriere) VALUES (155, TO_DATE('2020-01-04', 'YYYY-MM-DD'), 'De 3 ori pe zi');
INSERT INTO reteta (id_reteta, data_reteta, descriere) VALUES (156, TO_DATE('2020-01-04', 'YYYY-MM-DD'), '2 capsule inainte de fiecare masa');
INSERT INTO reteta (id_reteta, data_reteta, descriere) VALUES (157, TO_DATE('2020-01-04', 'YYYY-MM-DD'), 'Seara inainte de culcare');
INSERT INTO reteta (id_reteta, data_reteta, descriere) VALUES (158, TO_DATE('2020-01-04', 'YYYY-MM-DD'), '1 comprimat la 6 ore');
INSERT INTO reteta (id_reteta, data_reteta, descriere) VALUES (159, TO_DATE('2020-01-04', 'YYYY-MM-DD'), 'O doza la 12 ore');
INSERT INTO reteta (id_reteta, data_reteta, descriere) VALUES (160, TO_DATE('2020-01-04', 'YYYY-MM-DD'), 'Aplicati circular timp de 10 minute');
INSERT INTO reteta (id_reteta, data_reteta, descriere) VALUES (161, TO_DATE('2020-01-04', 'YYYY-MM-DD'), 'Dimineata si seara inainte de masa');
INSERT INTO reteta (id_reteta, data_reteta, descriere) VALUES (162, TO_DATE('2020-01-04', 'YYYY-MM-DD'), 'Dimineata si seara dupa masa');
INSERT INTO reteta (id_reteta, data_reteta, descriere) VALUES (163, TO_DATE('2020-01-04', 'YYYY-MM-DD'), 'Un comprimat la 4 ore');
INSERT INTO reteta (id_reteta, data_reteta, descriere) VALUES (164, TO_DATE('2020-01-04', 'YYYY-MM-DD'), 'O pastila pe zi timp de 12 zile');
INSERT INTO reteta (id_reteta, data_reteta, descriere) VALUES (165, TO_DATE('2020-01-04', 'YYYY-MM-DD'), 'O pastila pe zi timp de 15 zile');
INSERT INTO reteta (id_reteta, data_reteta, descriere) VALUES (166, TO_DATE('2020-01-04', 'YYYY-MM-DD'), 'O pastila pe zi timp de 10 zile');
INSERT INTO reteta (id_reteta, data_reteta, descriere) VALUES (167, TO_DATE('2020-01-04', 'YYYY-MM-DD'), 'Dupa fiecare masa timp de 10 zile');
INSERT INTO reteta (id_reteta, data_reteta, descriere) VALUES (168, TO_DATE('2020-01-04', 'YYYY-MM-DD'), '2 capsule dimineata pe stomcul gol');
INSERT INTO reteta (id_reteta, data_reteta, descriere) VALUES (169, TO_DATE('2020-01-04', 'YYYY-MM-DD'), '2 pastile pe zi inainte de culcare');
INSERT INTO reteta (id_reteta, data_reteta, descriere) VALUES (170, TO_DATE('2020-01-04', 'YYYY-MM-DD'), '1 comprimat la 8 ore timp de 14 zile');
INSERT INTO reteta (id_reteta, data_reteta, descriere) VALUES (171, TO_DATE('2013-12-11', 'YYYY-MM-DD'), 'Dimineata si seara de 2 ori pe zi');
INSERT INTO reteta (id_reteta, data_reteta, descriere) VALUES (172, TO_DATE('2013-12-11', 'YYYY-MM-DD'), 'De 3 ori pe zi');
INSERT INTO reteta (id_reteta, data_reteta, descriere) VALUES (173, TO_DATE('2013-12-11', 'YYYY-MM-DD'), '2 capsule inainte de fiecare masa');
INSERT INTO reteta (id_reteta, data_reteta, descriere) VALUES (174, TO_DATE('2013-12-11', 'YYYY-MM-DD'), 'Seara inainte de culcare');
INSERT INTO reteta (id_reteta, data_reteta, descriere) VALUES (175, TO_DATE('2013-12-11', 'YYYY-MM-DD'), '1 comprimat la 6 ore');
INSERT INTO reteta (id_reteta, data_reteta, descriere) VALUES (176, TO_DATE('2013-12-11', 'YYYY-MM-DD'), 'O doza la 12 ore');
INSERT INTO reteta (id_reteta, data_reteta, descriere) VALUES (177, TO_DATE('2013-12-11', 'YYYY-MM-DD'), 'Aplicati circular timp de 10 minute');
INSERT INTO reteta (id_reteta, data_reteta, descriere) VALUES (178, TO_DATE('2013-12-11', 'YYYY-MM-DD'), 'Dimineata si seara inainte de masa');
INSERT INTO reteta (id_reteta, data_reteta, descriere) VALUES (179, TO_DATE('2013-12-11', 'YYYY-MM-DD'), 'Dimineata si seara dupa masa');
INSERT INTO reteta (id_reteta, data_reteta, descriere) VALUES (180, TO_DATE('2013-12-11', 'YYYY-MM-DD'), 'Un comprimat la 4 ore');
INSERT INTO reteta (id_reteta, data_reteta, descriere) VALUES (181, TO_DATE('2013-12-11', 'YYYY-MM-DD'), 'O pastila pe zi timp de 12 zile');
INSERT INTO reteta (id_reteta, data_reteta, descriere) VALUES (182, TO_DATE('2013-12-11', 'YYYY-MM-DD'), 'O pastila pe zi timp de 15 zile');
INSERT INTO reteta (id_reteta, data_reteta, descriere) VALUES (183, TO_DATE('2013-12-11', 'YYYY-MM-DD'), 'O pastila pe zi timp de 10 zile');
INSERT INTO reteta (id_reteta, data_reteta, descriere) VALUES (184, TO_DATE('2013-12-11', 'YYYY-MM-DD'), 'Dupa fiecare masa timp de 10 zile');
INSERT INTO reteta (id_reteta, data_reteta, descriere) VALUES (185, TO_DATE('2013-12-11', 'YYYY-MM-DD'), '2 capsule dimineata pe stomcul gol');
INSERT INTO reteta (id_reteta, data_reteta, descriere) VALUES (186, TO_DATE('2013-12-11', 'YYYY-MM-DD'), '2 pastile pe zi inainte de culcare');
INSERT INTO reteta (id_reteta, data_reteta, descriere) VALUES (187, TO_DATE('2013-12-11', 'YYYY-MM-DD'), '1 comprimat la 8 ore timp de 14 zile');
INSERT INTO reteta (id_reteta, data_reteta, descriere) VALUES (188, TO_DATE('2009-07-13', 'YYYY-MM-DD'), 'Dimineata si seara de 2 ori pe zi');
INSERT INTO reteta (id_reteta, data_reteta, descriere) VALUES (189, TO_DATE('2009-07-13', 'YYYY-MM-DD'), 'De 3 ori pe zi');
INSERT INTO reteta (id_reteta, data_reteta, descriere) VALUES (190, TO_DATE('2009-07-13', 'YYYY-MM-DD'), '2 capsule inainte de fiecare masa');
INSERT INTO reteta (id_reteta, data_reteta, descriere) VALUES (191, TO_DATE('2009-07-13', 'YYYY-MM-DD'), 'Seara inainte de culcare');
INSERT INTO reteta (id_reteta, data_reteta, descriere) VALUES (192, TO_DATE('2009-07-13', 'YYYY-MM-DD'), '1 comprimat la 6 ore');
INSERT INTO reteta (id_reteta, data_reteta, descriere) VALUES (193, TO_DATE('2009-07-13', 'YYYY-MM-DD'), 'O doza la 12 ore');
INSERT INTO reteta (id_reteta, data_reteta, descriere) VALUES (194, TO_DATE('2009-07-13', 'YYYY-MM-DD'), 'Aplicati circular timp de 10 minute');
INSERT INTO reteta (id_reteta, data_reteta, descriere) VALUES (195, TO_DATE('2009-07-13', 'YYYY-MM-DD'), 'Dimineata si seara inainte de masa');
INSERT INTO reteta (id_reteta, data_reteta, descriere) VALUES (196, TO_DATE('2009-07-13', 'YYYY-MM-DD'), 'Dimineata si seara dupa masa');
INSERT INTO reteta (id_reteta, data_reteta, descriere) VALUES (197, TO_DATE('2009-07-13', 'YYYY-MM-DD'), 'Un comprimat la 4 ore');
INSERT INTO reteta (id_reteta, data_reteta, descriere) VALUES (198, TO_DATE('2009-07-13', 'YYYY-MM-DD'), 'O pastila pe zi timp de 12 zile');
INSERT INTO reteta (id_reteta, data_reteta, descriere) VALUES (199, TO_DATE('2009-07-13', 'YYYY-MM-DD'), 'O pastila pe zi timp de 15 zile');
INSERT INTO reteta (id_reteta, data_reteta, descriere) VALUES (200, TO_DATE('2009-07-13', 'YYYY-MM-DD'), 'O pastila pe zi timp de 10 zile');
INSERT INTO reteta (id_reteta, data_reteta, descriere) VALUES (201, TO_DATE('2009-07-13', 'YYYY-MM-DD'), 'Dupa fiecare masa timp de 10 zile');
INSERT INTO reteta (id_reteta, data_reteta, descriere) VALUES (202, TO_DATE('2009-07-13', 'YYYY-MM-DD'), '2 capsule dimineata pe stomcul gol');
INSERT INTO reteta (id_reteta, data_reteta, descriere) VALUES (203, TO_DATE('2009-07-13', 'YYYY-MM-DD'), '2 pastile pe zi inainte de culcare');
INSERT INTO reteta (id_reteta, data_reteta, descriere) VALUES (204, TO_DATE('2009-07-13', 'YYYY-MM-DD'), '1 comprimat la 8 ore timp de 14 zile');
INSERT INTO reteta (id_reteta, data_reteta, descriere) VALUES (205, TO_DATE('2014-09-09', 'YYYY-MM-DD'), 'Dimineata si seara de 2 ori pe zi');
INSERT INTO reteta (id_reteta, data_reteta, descriere) VALUES (206, TO_DATE('2014-09-09', 'YYYY-MM-DD'), 'De 3 ori pe zi');
INSERT INTO reteta (id_reteta, data_reteta, descriere) VALUES (207, TO_DATE('2014-09-09', 'YYYY-MM-DD'), '2 capsule inainte de fiecare masa');
INSERT INTO reteta (id_reteta, data_reteta, descriere) VALUES (208, TO_DATE('2014-09-09', 'YYYY-MM-DD'), 'Seara inainte de culcare');
INSERT INTO reteta (id_reteta, data_reteta, descriere) VALUES (209, TO_DATE('2014-09-09', 'YYYY-MM-DD'), '1 comprimat la 6 ore');
INSERT INTO reteta (id_reteta, data_reteta, descriere) VALUES (210, TO_DATE('2014-09-09', 'YYYY-MM-DD'), 'O doza la 12 ore');
INSERT INTO reteta (id_reteta, data_reteta, descriere) VALUES (211, TO_DATE('2014-09-09', 'YYYY-MM-DD'), 'Aplicati circular timp de 10 minute');
INSERT INTO reteta (id_reteta, data_reteta, descriere) VALUES (212, TO_DATE('2014-09-09', 'YYYY-MM-DD'), 'Dimineata si seara inainte de masa');
INSERT INTO reteta (id_reteta, data_reteta, descriere) VALUES (213, TO_DATE('2014-09-09', 'YYYY-MM-DD'), 'Dimineata si seara dupa masa');
INSERT INTO reteta (id_reteta, data_reteta, descriere) VALUES (214, TO_DATE('2014-09-09', 'YYYY-MM-DD'), 'Un comprimat la 4 ore');
INSERT INTO reteta (id_reteta, data_reteta, descriere) VALUES (215, TO_DATE('2014-09-09', 'YYYY-MM-DD'), 'O pastila pe zi timp de 12 zile');
INSERT INTO reteta (id_reteta, data_reteta, descriere) VALUES (216, TO_DATE('2014-09-09', 'YYYY-MM-DD'), 'O pastila pe zi timp de 15 zile');
INSERT INTO reteta (id_reteta, data_reteta, descriere) VALUES (217, TO_DATE('2014-09-09', 'YYYY-MM-DD'), 'O pastila pe zi timp de 10 zile');
INSERT INTO reteta (id_reteta, data_reteta, descriere) VALUES (218, TO_DATE('2014-09-09', 'YYYY-MM-DD'), 'Dupa fiecare masa timp de 10 zile');
INSERT INTO reteta (id_reteta, data_reteta, descriere) VALUES (219, TO_DATE('2014-09-09', 'YYYY-MM-DD'), '2 capsule dimineata pe stomcul gol');
INSERT INTO reteta (id_reteta, data_reteta, descriere) VALUES (220, TO_DATE('2014-09-09', 'YYYY-MM-DD'), '2 pastile pe zi inainte de culcare');
INSERT INTO reteta (id_reteta, data_reteta, descriere) VALUES (221, TO_DATE('2014-09-09', 'YYYY-MM-DD'), '1 comprimat la 8 ore timp de 14 zile');
INSERT INTO reteta (id_reteta, data_reteta, descriere) VALUES (222, TO_DATE('2002-09-23', 'YYYY-MM-DD'), 'Dimineata si seara de 2 ori pe zi');
INSERT INTO reteta (id_reteta, data_reteta, descriere) VALUES (223, TO_DATE('2002-09-23', 'YYYY-MM-DD'), 'De 3 ori pe zi');
INSERT INTO reteta (id_reteta, data_reteta, descriere) VALUES (224, TO_DATE('2002-09-23', 'YYYY-MM-DD'), '2 capsule inainte de fiecare masa');
INSERT INTO reteta (id_reteta, data_reteta, descriere) VALUES (225, TO_DATE('2002-09-23', 'YYYY-MM-DD'), 'Seara inainte de culcare');
INSERT INTO reteta (id_reteta, data_reteta, descriere) VALUES (226, TO_DATE('2002-09-23', 'YYYY-MM-DD'), '1 comprimat la 6 ore');
INSERT INTO reteta (id_reteta, data_reteta, descriere) VALUES (227, TO_DATE('2002-09-23', 'YYYY-MM-DD'), 'O doza la 12 ore');
INSERT INTO reteta (id_reteta, data_reteta, descriere) VALUES (228, TO_DATE('2002-09-23', 'YYYY-MM-DD'), 'Aplicati circular timp de 10 minute');
INSERT INTO reteta (id_reteta, data_reteta, descriere) VALUES (229, TO_DATE('2002-09-23', 'YYYY-MM-DD'), 'Dimineata si seara inainte de masa');
INSERT INTO reteta (id_reteta, data_reteta, descriere) VALUES (230, TO_DATE('2002-09-23', 'YYYY-MM-DD'), 'Dimineata si seara dupa masa');
INSERT INTO reteta (id_reteta, data_reteta, descriere) VALUES (231, TO_DATE('2002-09-23', 'YYYY-MM-DD'), 'Un comprimat la 4 ore');
INSERT INTO reteta (id_reteta, data_reteta, descriere) VALUES (232, TO_DATE('2002-09-23', 'YYYY-MM-DD'), 'O pastila pe zi timp de 12 zile');
INSERT INTO reteta (id_reteta, data_reteta, descriere) VALUES (233, TO_DATE('2002-09-23', 'YYYY-MM-DD'), 'O pastila pe zi timp de 15 zile');
INSERT INTO reteta (id_reteta, data_reteta, descriere) VALUES (234, TO_DATE('2002-09-23', 'YYYY-MM-DD'), 'O pastila pe zi timp de 10 zile');
INSERT INTO reteta (id_reteta, data_reteta, descriere) VALUES (235, TO_DATE('2002-09-23', 'YYYY-MM-DD'), 'Dupa fiecare masa timp de 10 zile');
INSERT INTO reteta (id_reteta, data_reteta, descriere) VALUES (236, TO_DATE('2002-09-23', 'YYYY-MM-DD'), '2 capsule dimineata pe stomcul gol');
INSERT INTO reteta (id_reteta, data_reteta, descriere) VALUES (237, TO_DATE('2002-09-23', 'YYYY-MM-DD'), '2 pastile pe zi inainte de culcare');
INSERT INTO reteta (id_reteta, data_reteta, descriere) VALUES (238, TO_DATE('2002-09-23', 'YYYY-MM-DD'), '1 comprimat la 8 ore timp de 14 zile');
INSERT INTO reteta (id_reteta, data_reteta, descriere) VALUES (239, TO_DATE('2019-11-15', 'YYYY-MM-DD'), 'Dimineata si seara de 2 ori pe zi');
INSERT INTO reteta (id_reteta, data_reteta, descriere) VALUES (240, TO_DATE('2019-11-15', 'YYYY-MM-DD'), 'De 3 ori pe zi');
INSERT INTO reteta (id_reteta, data_reteta, descriere) VALUES (241, TO_DATE('2019-11-15', 'YYYY-MM-DD'), '2 capsule inainte de fiecare masa');
INSERT INTO reteta (id_reteta, data_reteta, descriere) VALUES (242, TO_DATE('2019-11-15', 'YYYY-MM-DD'), 'Seara inainte de culcare');
INSERT INTO reteta (id_reteta, data_reteta, descriere) VALUES (243, TO_DATE('2019-11-15', 'YYYY-MM-DD'), '1 comprimat la 6 ore');
INSERT INTO reteta (id_reteta, data_reteta, descriere) VALUES (244, TO_DATE('2019-11-15', 'YYYY-MM-DD'), 'O doza la 12 ore');
INSERT INTO reteta (id_reteta, data_reteta, descriere) VALUES (245, TO_DATE('2019-11-15', 'YYYY-MM-DD'), 'Aplicati circular timp de 10 minute');
INSERT INTO reteta (id_reteta, data_reteta, descriere) VALUES (246, TO_DATE('2019-11-15', 'YYYY-MM-DD'), 'Dimineata si seara inainte de masa');
INSERT INTO reteta (id_reteta, data_reteta, descriere) VALUES (247, TO_DATE('2019-11-15', 'YYYY-MM-DD'), 'Dimineata si seara dupa masa');
INSERT INTO reteta (id_reteta, data_reteta, descriere) VALUES (248, TO_DATE('2019-11-15', 'YYYY-MM-DD'), 'Un comprimat la 4 ore');
INSERT INTO reteta (id_reteta, data_reteta, descriere) VALUES (249, TO_DATE('2019-11-15', 'YYYY-MM-DD'), 'O pastila pe zi timp de 12 zile');
INSERT INTO reteta (id_reteta, data_reteta, descriere) VALUES (250, TO_DATE('2019-11-15', 'YYYY-MM-DD'), 'O pastila pe zi timp de 15 zile');
INSERT INTO reteta (id_reteta, data_reteta, descriere) VALUES (251, TO_DATE('2019-11-15', 'YYYY-MM-DD'), 'O pastila pe zi timp de 10 zile');
INSERT INTO reteta (id_reteta, data_reteta, descriere) VALUES (252, TO_DATE('2019-11-15', 'YYYY-MM-DD'), 'Dupa fiecare masa timp de 10 zile');
INSERT INTO reteta (id_reteta, data_reteta, descriere) VALUES (253, TO_DATE('2019-11-15', 'YYYY-MM-DD'), '2 capsule dimineata pe stomcul gol');
INSERT INTO reteta (id_reteta, data_reteta, descriere) VALUES (254, TO_DATE('2019-11-15', 'YYYY-MM-DD'), '2 pastile pe zi inainte de culcare');
INSERT INTO reteta (id_reteta, data_reteta, descriere) VALUES (255, TO_DATE('2019-11-15', 'YYYY-MM-DD'), '1 comprimat la 8 ore timp de 14 zile');
INSERT INTO reteta (id_reteta, data_reteta, descriere) VALUES (256, TO_DATE('2016-09-09', 'YYYY-MM-DD'), 'Dimineata si seara de 2 ori pe zi');
INSERT INTO reteta (id_reteta, data_reteta, descriere) VALUES (257, TO_DATE('2016-09-09', 'YYYY-MM-DD'), 'De 3 ori pe zi');
INSERT INTO reteta (id_reteta, data_reteta, descriere) VALUES (258, TO_DATE('2016-09-09', 'YYYY-MM-DD'), '2 capsule inainte de fiecare masa');
INSERT INTO reteta (id_reteta, data_reteta, descriere) VALUES (259, TO_DATE('2016-09-09', 'YYYY-MM-DD'), 'Seara inainte de culcare');
INSERT INTO reteta (id_reteta, data_reteta, descriere) VALUES (260, TO_DATE('2016-09-09', 'YYYY-MM-DD'), '1 comprimat la 6 ore');
INSERT INTO reteta (id_reteta, data_reteta, descriere) VALUES (261, TO_DATE('2016-09-09', 'YYYY-MM-DD'), 'O doza la 12 ore');
INSERT INTO reteta (id_reteta, data_reteta, descriere) VALUES (262, TO_DATE('2016-09-09', 'YYYY-MM-DD'), 'Aplicati circular timp de 10 minute');
INSERT INTO reteta (id_reteta, data_reteta, descriere) VALUES (263, TO_DATE('2016-09-09', 'YYYY-MM-DD'), 'Dimineata si seara inainte de masa');
INSERT INTO reteta (id_reteta, data_reteta, descriere) VALUES (264, TO_DATE('2016-09-09', 'YYYY-MM-DD'), 'Dimineata si seara dupa masa');
INSERT INTO reteta (id_reteta, data_reteta, descriere) VALUES (265, TO_DATE('2016-09-09', 'YYYY-MM-DD'), 'Un comprimat la 4 ore');
INSERT INTO reteta (id_reteta, data_reteta, descriere) VALUES (266, TO_DATE('2016-09-09', 'YYYY-MM-DD'), 'O pastila pe zi timp de 12 zile');
INSERT INTO reteta (id_reteta, data_reteta, descriere) VALUES (267, TO_DATE('2016-09-09', 'YYYY-MM-DD'), 'O pastila pe zi timp de 15 zile');
INSERT INTO reteta (id_reteta, data_reteta, descriere) VALUES (268, TO_DATE('2016-09-09', 'YYYY-MM-DD'), 'O pastila pe zi timp de 10 zile');
INSERT INTO reteta (id_reteta, data_reteta, descriere) VALUES (269, TO_DATE('2016-09-09', 'YYYY-MM-DD'), 'Dupa fiecare masa timp de 10 zile');
INSERT INTO reteta (id_reteta, data_reteta, descriere) VALUES (270, TO_DATE('2016-09-09', 'YYYY-MM-DD'), '2 capsule dimineata pe stomcul gol');
INSERT INTO reteta (id_reteta, data_reteta, descriere) VALUES (271, TO_DATE('2016-09-09', 'YYYY-MM-DD'), '2 pastile pe zi inainte de culcare');
INSERT INTO reteta (id_reteta, data_reteta, descriere) VALUES (272, TO_DATE('2016-09-09', 'YYYY-MM-DD'), '1 comprimat la 8 ore timp de 14 zile');
INSERT INTO reteta (id_reteta, data_reteta, descriere) VALUES (273, TO_DATE('2011-12-21', 'YYYY-MM-DD'), 'Dimineata si seara de 2 ori pe zi');
INSERT INTO reteta (id_reteta, data_reteta, descriere) VALUES (274, TO_DATE('2011-12-21', 'YYYY-MM-DD'), 'De 3 ori pe zi');
INSERT INTO reteta (id_reteta, data_reteta, descriere) VALUES (275, TO_DATE('2011-12-21', 'YYYY-MM-DD'), '2 capsule inainte de fiecare masa');
INSERT INTO reteta (id_reteta, data_reteta, descriere) VALUES (276, TO_DATE('2011-12-21', 'YYYY-MM-DD'), 'Seara inainte de culcare');
INSERT INTO reteta (id_reteta, data_reteta, descriere) VALUES (277, TO_DATE('2011-12-21', 'YYYY-MM-DD'), '1 comprimat la 6 ore');
INSERT INTO reteta (id_reteta, data_reteta, descriere) VALUES (278, TO_DATE('2011-12-21', 'YYYY-MM-DD'), 'O doza la 12 ore');
INSERT INTO reteta (id_reteta, data_reteta, descriere) VALUES (279, TO_DATE('2011-12-21', 'YYYY-MM-DD'), 'Aplicati circular timp de 10 minute');

select count(*) from medicament;

INSERT INTO RETETA_MEDICAMENT (id_reteta, id_medicament) VALUES (51, 16);
INSERT INTO RETETA_MEDICAMENT (id_reteta, id_medicament) VALUES (100, 16);
INSERT INTO RETETA_MEDICAMENT (id_reteta, id_medicament) VALUES (236, 22);
INSERT INTO RETETA_MEDICAMENT (id_reteta, id_medicament) VALUES (17, 22);
INSERT INTO RETETA_MEDICAMENT (id_reteta, id_medicament) VALUES (256, 1);
INSERT INTO RETETA_MEDICAMENT (id_reteta, id_medicament) VALUES (84, 4);
INSERT INTO RETETA_MEDICAMENT (id_reteta, id_medicament) VALUES (124, 8);
INSERT INTO RETETA_MEDICAMENT (id_reteta, id_medicament) VALUES (147, 5);
INSERT INTO RETETA_MEDICAMENT (id_reteta, id_medicament) VALUES (186, 13);
INSERT INTO RETETA_MEDICAMENT (id_reteta, id_medicament) VALUES (66, 5);
INSERT INTO RETETA_MEDICAMENT (id_reteta, id_medicament) VALUES (146, 15);
INSERT INTO RETETA_MEDICAMENT (id_reteta, id_medicament) VALUES (24, 18);
INSERT INTO RETETA_MEDICAMENT (id_reteta, id_medicament) VALUES (27, 9);
INSERT INTO RETETA_MEDICAMENT (id_reteta, id_medicament) VALUES (130, 21);
INSERT INTO RETETA_MEDICAMENT (id_reteta, id_medicament) VALUES (30, 18);
INSERT INTO RETETA_MEDICAMENT (id_reteta, id_medicament) VALUES (174, 7);
INSERT INTO RETETA_MEDICAMENT (id_reteta, id_medicament) VALUES (61, 7);
INSERT INTO RETETA_MEDICAMENT (id_reteta, id_medicament) VALUES (199, 11);
INSERT INTO RETETA_MEDICAMENT (id_reteta, id_medicament) VALUES (85, 4);
INSERT INTO RETETA_MEDICAMENT (id_reteta, id_medicament) VALUES (48, 7);
INSERT INTO RETETA_MEDICAMENT (id_reteta, id_medicament) VALUES (160, 11);
INSERT INTO RETETA_MEDICAMENT (id_reteta, id_medicament) VALUES (14, 23);
INSERT INTO RETETA_MEDICAMENT (id_reteta, id_medicament) VALUES (2, 10);
INSERT INTO RETETA_MEDICAMENT (id_reteta, id_medicament) VALUES (117, 15);
INSERT INTO RETETA_MEDICAMENT (id_reteta, id_medicament) VALUES (72, 17);
INSERT INTO RETETA_MEDICAMENT (id_reteta, id_medicament) VALUES (188, 20);
INSERT INTO RETETA_MEDICAMENT (id_reteta, id_medicament) VALUES (102, 22);
INSERT INTO RETETA_MEDICAMENT (id_reteta, id_medicament) VALUES (161, 5);
INSERT INTO RETETA_MEDICAMENT (id_reteta, id_medicament) VALUES (97, 11);
INSERT INTO RETETA_MEDICAMENT (id_reteta, id_medicament) VALUES (210, 1);
INSERT INTO RETETA_MEDICAMENT (id_reteta, id_medicament) VALUES (216, 15);
INSERT INTO RETETA_MEDICAMENT (id_reteta, id_medicament) VALUES (30, 9);
INSERT INTO RETETA_MEDICAMENT (id_reteta, id_medicament) VALUES (170, 15);
INSERT INTO RETETA_MEDICAMENT (id_reteta, id_medicament) VALUES (207, 13);
INSERT INTO RETETA_MEDICAMENT (id_reteta, id_medicament) VALUES (22, 9);
INSERT INTO RETETA_MEDICAMENT (id_reteta, id_medicament) VALUES (124, 22);
INSERT INTO RETETA_MEDICAMENT (id_reteta, id_medicament) VALUES (35, 8);
INSERT INTO RETETA_MEDICAMENT (id_reteta, id_medicament) VALUES (153, 19);
INSERT INTO RETETA_MEDICAMENT (id_reteta, id_medicament) VALUES (56, 8);
INSERT INTO RETETA_MEDICAMENT (id_reteta, id_medicament) VALUES (54, 20);
INSERT INTO RETETA_MEDICAMENT (id_reteta, id_medicament) VALUES (187, 7);
INSERT INTO RETETA_MEDICAMENT (id_reteta, id_medicament) VALUES (247, 21);
INSERT INTO RETETA_MEDICAMENT (id_reteta, id_medicament) VALUES (142, 1);
INSERT INTO RETETA_MEDICAMENT (id_reteta, id_medicament) VALUES (135, 19);
INSERT INTO RETETA_MEDICAMENT (id_reteta, id_medicament) VALUES (121, 17);
INSERT INTO RETETA_MEDICAMENT (id_reteta, id_medicament) VALUES (136, 17);
INSERT INTO RETETA_MEDICAMENT (id_reteta, id_medicament) VALUES (221, 19);
INSERT INTO RETETA_MEDICAMENT (id_reteta, id_medicament) VALUES (77, 21);
INSERT INTO RETETA_MEDICAMENT (id_reteta, id_medicament) VALUES (30, 14);
INSERT INTO RETETA_MEDICAMENT (id_reteta, id_medicament) VALUES (31, 5);
INSERT INTO RETETA_MEDICAMENT (id_reteta, id_medicament) VALUES (108, 13);
INSERT INTO RETETA_MEDICAMENT (id_reteta, id_medicament) VALUES (44, 10);
INSERT INTO RETETA_MEDICAMENT (id_reteta, id_medicament) VALUES (199, 13);
INSERT INTO RETETA_MEDICAMENT (id_reteta, id_medicament) VALUES (20, 14);
INSERT INTO RETETA_MEDICAMENT (id_reteta, id_medicament) VALUES (59, 16);
INSERT INTO RETETA_MEDICAMENT (id_reteta, id_medicament) VALUES (137, 5);
INSERT INTO RETETA_MEDICAMENT (id_reteta, id_medicament) VALUES (95, 1);
INSERT INTO RETETA_MEDICAMENT (id_reteta, id_medicament) VALUES (186, 7);
INSERT INTO RETETA_MEDICAMENT (id_reteta, id_medicament) VALUES (24, 12);
INSERT INTO RETETA_MEDICAMENT (id_reteta, id_medicament) VALUES (210, 2);
INSERT INTO RETETA_MEDICAMENT (id_reteta, id_medicament) VALUES (260, 4);
INSERT INTO RETETA_MEDICAMENT (id_reteta, id_medicament) VALUES (126, 10);
INSERT INTO RETETA_MEDICAMENT (id_reteta, id_medicament) VALUES (260, 5);
INSERT INTO RETETA_MEDICAMENT (id_reteta, id_medicament) VALUES (165, 9);
INSERT INTO RETETA_MEDICAMENT (id_reteta, id_medicament) VALUES (157, 3);
INSERT INTO RETETA_MEDICAMENT (id_reteta, id_medicament) VALUES (169, 22);
INSERT INTO RETETA_MEDICAMENT (id_reteta, id_medicament) VALUES (195, 13);
INSERT INTO RETETA_MEDICAMENT (id_reteta, id_medicament) VALUES (192, 4);
INSERT INTO RETETA_MEDICAMENT (id_reteta, id_medicament) VALUES (8, 23);
INSERT INTO RETETA_MEDICAMENT (id_reteta, id_medicament) VALUES (59, 13);
INSERT INTO RETETA_MEDICAMENT (id_reteta, id_medicament) VALUES (116, 5);
INSERT INTO RETETA_MEDICAMENT (id_reteta, id_medicament) VALUES (136, 7);
INSERT INTO RETETA_MEDICAMENT (id_reteta, id_medicament) VALUES (178, 7);
INSERT INTO RETETA_MEDICAMENT (id_reteta, id_medicament) VALUES (163, 5);
INSERT INTO RETETA_MEDICAMENT (id_reteta, id_medicament) VALUES (202, 7);
INSERT INTO RETETA_MEDICAMENT (id_reteta, id_medicament) VALUES (54, 8);
INSERT INTO RETETA_MEDICAMENT (id_reteta, id_medicament) VALUES (193, 12);
INSERT INTO RETETA_MEDICAMENT (id_reteta, id_medicament) VALUES (168, 13);
INSERT INTO RETETA_MEDICAMENT (id_reteta, id_medicament) VALUES (106, 2);
INSERT INTO RETETA_MEDICAMENT (id_reteta, id_medicament) VALUES (146, 4);
INSERT INTO RETETA_MEDICAMENT (id_reteta, id_medicament) VALUES (194, 8);
INSERT INTO RETETA_MEDICAMENT (id_reteta, id_medicament) VALUES (140, 23);
INSERT INTO RETETA_MEDICAMENT (id_reteta, id_medicament) VALUES (89, 9);
INSERT INTO RETETA_MEDICAMENT (id_reteta, id_medicament) VALUES (187, 4);
INSERT INTO RETETA_MEDICAMENT (id_reteta, id_medicament) VALUES (203, 8);
INSERT INTO RETETA_MEDICAMENT (id_reteta, id_medicament) VALUES (193, 6);
INSERT INTO RETETA_MEDICAMENT (id_reteta, id_medicament) VALUES (248, 16);
INSERT INTO RETETA_MEDICAMENT (id_reteta, id_medicament) VALUES (248, 13);
INSERT INTO RETETA_MEDICAMENT (id_reteta, id_medicament) VALUES (89, 14);
INSERT INTO RETETA_MEDICAMENT (id_reteta, id_medicament) VALUES (158, 1);


INSERT INTO PROCEDURA (id_procedura, nume_procedura, pret_procedura, informatii) VALUES (1, 'Radiografie', 286, 'Repetat dupa 5 zile');
INSERT INTO PROCEDURA (id_procedura, nume_procedura, pret_procedura, informatii) VALUES (2, 'Radiografie', 433, 'Repetat dupa o saptamana');
INSERT INTO PROCEDURA (id_procedura, nume_procedura, pret_procedura, informatii) VALUES (3, 'Radiografie', 774, 'Rezultat neconcludent');
INSERT INTO PROCEDURA (id_procedura, nume_procedura, pret_procedura, informatii) VALUES (4, 'Radiografie', 206, 'Trebuie repetat');
INSERT INTO PROCEDURA (id_procedura, nume_procedura, pret_procedura, informatii) VALUES (5, 'Radiografie', 903, 'Consult dupa tratament');
INSERT INTO PROCEDURA (id_procedura, nume_procedura, pret_procedura, informatii) VALUES (6, 'Radiografie', 674, null);
INSERT INTO PROCEDURA (id_procedura, nume_procedura, pret_procedura, informatii) VALUES (7, 'Radiografie', 524, null);
INSERT INTO PROCEDURA (id_procedura, nume_procedura, pret_procedura, informatii) VALUES (8, 'Radiografie', 645, null);
INSERT INTO PROCEDURA (id_procedura, nume_procedura, pret_procedura, informatii) VALUES (9, 'Radiografie', 838, null);
INSERT INTO PROCEDURA (id_procedura, nume_procedura, pret_procedura, informatii) VALUES (10, 'Servicii imagistice', 805, 'Repetat dupa 5 zile');
INSERT INTO PROCEDURA (id_procedura, nume_procedura, pret_procedura, informatii) VALUES (11, 'Servicii imagistice', 298, 'Repetat dupa o saptamana');
INSERT INTO PROCEDURA (id_procedura, nume_procedura, pret_procedura, informatii) VALUES (12, 'Servicii imagistice', 251, 'Rezultat neconcludent');
INSERT INTO PROCEDURA (id_procedura, nume_procedura, pret_procedura, informatii) VALUES (13, 'Servicii imagistice', 540, 'Trebuie repetat');
INSERT INTO PROCEDURA (id_procedura, nume_procedura, pret_procedura, informatii) VALUES (14, 'Servicii imagistice', 619, 'Consult dupa tratament');
INSERT INTO PROCEDURA (id_procedura, nume_procedura, pret_procedura, informatii) VALUES (15, 'Servicii imagistice', 668, null);
INSERT INTO PROCEDURA (id_procedura, nume_procedura, pret_procedura, informatii) VALUES (16, 'Servicii imagistice', 539, null);
INSERT INTO PROCEDURA (id_procedura, nume_procedura, pret_procedura, informatii) VALUES (17, 'Servicii imagistice', 500, null);
INSERT INTO PROCEDURA (id_procedura, nume_procedura, pret_procedura, informatii) VALUES (18, 'Servicii imagistice', 791, null);
INSERT INTO PROCEDURA (id_procedura, nume_procedura, pret_procedura, informatii) VALUES (19, 'Proceduri la nivelul aparatului respirator', 212, 'Repetat dupa 5 zile');       
INSERT INTO PROCEDURA (id_procedura, nume_procedura, pret_procedura, informatii) VALUES (20, 'Proceduri la nivelul aparatului respirator', 228, 'Repetat dupa o saptamana');  
INSERT INTO PROCEDURA (id_procedura, nume_procedura, pret_procedura, informatii) VALUES (21, 'Proceduri la nivelul aparatului respirator', 541, 'Rezultat neconcludent');     
INSERT INTO PROCEDURA (id_procedura, nume_procedura, pret_procedura, informatii) VALUES (22, 'Proceduri la nivelul aparatului respirator', 152, 'Trebuie repetat');
INSERT INTO PROCEDURA (id_procedura, nume_procedura, pret_procedura, informatii) VALUES (23, 'Proceduri la nivelul aparatului respirator', 161, 'Consult dupa tratament');    
INSERT INTO PROCEDURA (id_procedura, nume_procedura, pret_procedura, informatii) VALUES (24, 'Proceduri la nivelul aparatului respirator', 666, null);
INSERT INTO PROCEDURA (id_procedura, nume_procedura, pret_procedura, informatii) VALUES (25, 'Proceduri la nivelul aparatului respirator', 61, null);
INSERT INTO PROCEDURA (id_procedura, nume_procedura, pret_procedura, informatii) VALUES (26, 'Proceduri la nivelul aparatului respirator', 67, null);
INSERT INTO PROCEDURA (id_procedura, nume_procedura, pret_procedura, informatii) VALUES (27, 'Proceduri la nivelul aparatului respirator', 171, null);
INSERT INTO PROCEDURA (id_procedura, nume_procedura, pret_procedura, informatii) VALUES (28, 'Preluare analize', 531, 'Repetat dupa 5 zile');
INSERT INTO PROCEDURA (id_procedura, nume_procedura, pret_procedura, informatii) VALUES (29, 'Preluare analize', 696, 'Repetat dupa o saptamana');
INSERT INTO PROCEDURA (id_procedura, nume_procedura, pret_procedura, informatii) VALUES (30, 'Preluare analize', 66, 'Rezultat neconcludent');
INSERT INTO PROCEDURA (id_procedura, nume_procedura, pret_procedura, informatii) VALUES (31, 'Preluare analize', 475, 'Trebuie repetat');
INSERT INTO PROCEDURA (id_procedura, nume_procedura, pret_procedura, informatii) VALUES (32, 'Preluare analize', 371, 'Consult dupa tratament');
INSERT INTO PROCEDURA (id_procedura, nume_procedura, pret_procedura, informatii) VALUES (33, 'Preluare analize', 94, null);
INSERT INTO PROCEDURA (id_procedura, nume_procedura, pret_procedura, informatii) VALUES (34, 'Preluare analize', 888, null);
INSERT INTO PROCEDURA (id_procedura, nume_procedura, pret_procedura, informatii) VALUES (35, 'Preluare analize', 191, null);
INSERT INTO PROCEDURA (id_procedura, nume_procedura, pret_procedura, informatii) VALUES (36, 'Preluare analize', 148, null);
INSERT INTO PROCEDURA (id_procedura, nume_procedura, pret_procedura, informatii) VALUES (37, 'Proceduri ORL', 916, 'Repetat dupa 5 zile');
INSERT INTO PROCEDURA (id_procedura, nume_procedura, pret_procedura, informatii) VALUES (38, 'Proceduri ORL', 283, 'Repetat dupa o saptamana');
INSERT INTO PROCEDURA (id_procedura, nume_procedura, pret_procedura, informatii) VALUES (39, 'Proceduri ORL', 351, 'Rezultat neconcludent');
INSERT INTO PROCEDURA (id_procedura, nume_procedura, pret_procedura, informatii) VALUES (40, 'Proceduri ORL', 179, 'Trebuie repetat');
INSERT INTO PROCEDURA (id_procedura, nume_procedura, pret_procedura, informatii) VALUES (41, 'Proceduri ORL', 698, 'Consult dupa tratament');
INSERT INTO PROCEDURA (id_procedura, nume_procedura, pret_procedura, informatii) VALUES (42, 'Proceduri ORL', 348, null);
INSERT INTO PROCEDURA (id_procedura, nume_procedura, pret_procedura, informatii) VALUES (43, 'Proceduri ORL', 573, null);
INSERT INTO PROCEDURA (id_procedura, nume_procedura, pret_procedura, informatii) VALUES (44, 'Proceduri ORL', 258, null);
INSERT INTO PROCEDURA (id_procedura, nume_procedura, pret_procedura, informatii) VALUES (45, 'Proceduri ORL', 369, null);
INSERT INTO PROCEDURA (id_procedura, nume_procedura, pret_procedura, informatii) VALUES (46, 'Proceduri injectabile', 481, 'Repetat dupa 5 zile');
INSERT INTO PROCEDURA (id_procedura, nume_procedura, pret_procedura, informatii) VALUES (47, 'Proceduri injectabile', 580, 'Repetat dupa o saptamana');
INSERT INTO PROCEDURA (id_procedura, nume_procedura, pret_procedura, informatii) VALUES (48, 'Proceduri injectabile', 696, 'Rezultat neconcludent');
INSERT INTO PROCEDURA (id_procedura, nume_procedura, pret_procedura, informatii) VALUES (49, 'Proceduri injectabile', 170, 'Trebuie repetat');
INSERT INTO PROCEDURA (id_procedura, nume_procedura, pret_procedura, informatii) VALUES (50, 'Proceduri injectabile', 622, 'Consult dupa tratament');
INSERT INTO PROCEDURA (id_procedura, nume_procedura, pret_procedura, informatii) VALUES (51, 'Proceduri injectabile', 667, null);
INSERT INTO PROCEDURA (id_procedura, nume_procedura, pret_procedura, informatii) VALUES (52, 'Proceduri injectabile', 258, null);
INSERT INTO PROCEDURA (id_procedura, nume_procedura, pret_procedura, informatii) VALUES (53, 'Proceduri injectabile', 159, null);
INSERT INTO PROCEDURA (id_procedura, nume_procedura, pret_procedura, informatii) VALUES (54, 'Proceduri injectabile', 180, null);
INSERT INTO PROCEDURA (id_procedura, nume_procedura, pret_procedura, informatii) VALUES (55, 'Consult', 520, 'Repetat dupa 5 zile');
INSERT INTO PROCEDURA (id_procedura, nume_procedura, pret_procedura, informatii) VALUES (56, 'Consult', 279, 'Repetat dupa o saptamana');
INSERT INTO PROCEDURA (id_procedura, nume_procedura, pret_procedura, informatii) VALUES (57, 'Consult', 221, 'Rezultat neconcludent');
INSERT INTO PROCEDURA (id_procedura, nume_procedura, pret_procedura, informatii) VALUES (58, 'Consult', 675, 'Trebuie repetat');
INSERT INTO PROCEDURA (id_procedura, nume_procedura, pret_procedura, informatii) VALUES (59, 'Consult', 154, 'Consult dupa tratament');
INSERT INTO PROCEDURA (id_procedura, nume_procedura, pret_procedura, informatii) VALUES (60, 'Consult', 686, null);
INSERT INTO PROCEDURA (id_procedura, nume_procedura, pret_procedura, informatii) VALUES (61, 'Consult', 577, null);
INSERT INTO PROCEDURA (id_procedura, nume_procedura, pret_procedura, informatii) VALUES (62, 'Consult', 348, null);
INSERT INTO PROCEDURA (id_procedura, nume_procedura, pret_procedura, informatii) VALUES (63, 'Consult', 895, null);


INSERT INTO CONSULT (id_consult, id_pacient, id_reteta, id_diagnostic, id_doctor, pret, data_consult, detalii, discount) VALUES (1, 57, 1, 2, 36, 523, TO_DATE('2005-10-03', 'YYYY-MM-DD'), 'Pacientul prezinta simptome majore si i s-a prescris un tratament', 0);
INSERT INTO CONSULT (id_consult, id_pacient, id_reteta, id_diagnostic, id_doctor, pret, data_consult, detalii, discount) VALUES (2, 31, 2, 14, 19, 132, TO_DATE('2006-12-21', 'YYYY-MM-DD'), 'Pacientului i s-a administrat un tratament pentru 12 zile', 25);
INSERT INTO CONSULT (id_consult, id_pacient, id_reteta, id_diagnostic, id_doctor, pret, data_consult, detalii, discount) VALUES (3, 5, 3, 11, 11, 210, TO_DATE('2012-06-12', 'YYYY-MM-DD'), 'Pacientul trebuie sa ia reteta timp de 2 saptamani', 50);
INSERT INTO CONSULT (id_consult, id_pacient, id_reteta, id_diagnostic, id_doctor, pret, data_consult, detalii, discount) VALUES (4, 37, 4, 8, 12, 441, TO_DATE('2021-09-23', 'YYYY-MM-DD'), 'Pacientul prezinta simptome minore', 75);
INSERT INTO CONSULT (id_consult, id_pacient, id_reteta, id_diagnostic, id_doctor, pret, data_consult, detalii, discount) VALUES (5, 26, 5, 5, 2, 140, TO_DATE('2020-04-08', 'YYYY-MM-DD'), null, 0);
INSERT INTO CONSULT (id_consult, id_pacient, id_reteta, id_diagnostic, id_doctor, pret, data_consult, detalii, discount) VALUES (6, 79, 6, 4, 30, 360, TO_DATE('1999-10-11', 'YYYY-MM-DD'), null, 0);
INSERT INTO CONSULT (id_consult, id_pacient, id_reteta, id_diagnostic, id_doctor, pret, data_consult, detalii, discount) VALUES (7, 4, 7, 2, 21, 290, TO_DATE('2016-01-14', 'YYYY-MM-DD'), null, 0);
INSERT INTO CONSULT (id_consult, id_pacient, id_reteta, id_diagnostic, id_doctor, pret, data_consult, detalii, discount) VALUES (8, 97, 8, 7, 4, 311, TO_DATE('2018-05-25', 'YYYY-MM-DD'), null, 0);
INSERT INTO CONSULT (id_consult, id_pacient, id_reteta, id_diagnostic, id_doctor, pret, data_consult, detalii, discount) VALUES (9, 31, 9, 13, 22, 192, TO_DATE('2011-09-11', 'YYYY-MM-DD'), null, 25);
INSERT INTO CONSULT (id_consult, id_pacient, id_reteta, id_diagnostic, id_doctor, pret, data_consult, detalii, discount) VALUES (10, 61, 10, 4, 17, 470, TO_DATE('2017-04-03', 'YYYY-MM-DD'), null, 25);
INSERT INTO CONSULT (id_consult, id_pacient, id_reteta, id_diagnostic, id_doctor, pret, data_consult, detalii, discount) VALUES (11, 1, 11, 1, 18, 403, TO_DATE('2020-01-04', 'YYYY-MM-DD'), null, 25);
INSERT INTO CONSULT (id_consult, id_pacient, id_reteta, id_diagnostic, id_doctor, pret, data_consult, detalii, discount) VALUES (12, 75, 12, 1, 6, 181, TO_DATE('2013-12-11', 'YYYY-MM-DD'), null, 0);
INSERT INTO CONSULT (id_consult, id_pacient, id_reteta, id_diagnostic, id_doctor, pret, data_consult, detalii, discount) VALUES (13, 6, 13, 12, 35, 490, TO_DATE('2009-07-13', 'YYYY-MM-DD'), 'Pacientul prezinta simptome majore si i s-a prescris un tratament', 0);
INSERT INTO CONSULT (id_consult, id_pacient, id_reteta, id_diagnostic, id_doctor, pret, data_consult, detalii, discount) VALUES (14, 53, 14, 11, 3, 543, TO_DATE('2014-09-09', 'YYYY-MM-DD'), 'Pacientului i s-a administrat un tratament pentru 12 zile', 25);
INSERT INTO CONSULT (id_consult, id_pacient, id_reteta, id_diagnostic, id_doctor, pret, data_consult, detalii, discount) VALUES (15, 75, 15, 15, 8, 179, TO_DATE('2002-09-23', 'YYYY-MM-DD'), 'Pacientul trebuie sa ia reteta timp de 2 saptamani', 50);
INSERT INTO CONSULT (id_consult, id_pacient, id_reteta, id_diagnostic, id_doctor, pret, data_consult, detalii, discount) VALUES (16, 87, 16, 15, 16, 415, TO_DATE('2019-11-15', 'YYYY-MM-DD'), 'Pacientul prezinta simptome minore', 75);
INSERT INTO CONSULT (id_consult, id_pacient, id_reteta, id_diagnostic, id_doctor, pret, data_consult, detalii, discount) VALUES (17, 4, 17, 2, 6, 391, TO_DATE('2016-09-09', 'YYYY-MM-DD'), null, 0);
INSERT INTO CONSULT (id_consult, id_pacient, id_reteta, id_diagnostic, id_doctor, pret, data_consult, detalii, discount) VALUES (18, 8, 18, 5, 15, 100, TO_DATE('2011-12-21', 'YYYY-MM-DD'), null, 0);
INSERT INTO CONSULT (id_consult, id_pacient, id_reteta, id_diagnostic, id_doctor, pret, data_consult, detalii, discount) VALUES (19, 70, 19, 11, 39, 500, TO_DATE('2010-11-15', 'YYYY-MM-DD'), null, 0);
INSERT INTO CONSULT (id_consult, id_pacient, id_reteta, id_diagnostic, id_doctor, pret, data_consult, detalii, discount) VALUES (20, 29, 20, 7, 12, 463, TO_DATE('2022-01-23', 'YYYY-MM-DD'), null, 0);
INSERT INTO CONSULT (id_consult, id_pacient, id_reteta, id_diagnostic, id_doctor, pret, data_consult, detalii, discount) VALUES (21, 29, 21, 15, 27, 209, TO_DATE('2022-02-23', 'YYYY-MM-DD'), null, 25);
INSERT INTO CONSULT (id_consult, id_pacient, id_reteta, id_diagnostic, id_doctor, pret, data_consult, detalii, discount) VALUES (22, 49, 22, 3, 20, 371, TO_DATE('2022-03-23', 'YYYY-MM-DD'), null, 25);
INSERT INTO CONSULT (id_consult, id_pacient, id_reteta, id_diagnostic, id_doctor, pret, data_consult, detalii, discount) VALUES (23, 39, 23, 7, 22, 381, TO_DATE('2022-04-23', 'YYYY-MM-DD'), null, 25);
INSERT INTO CONSULT (id_consult, id_pacient, id_reteta, id_diagnostic, id_doctor, pret, data_consult, detalii, discount) VALUES (24, 56, 24, 3, 10, 341, TO_DATE('2022-05-23', 'YYYY-MM-DD'), null, 0);
INSERT INTO CONSULT (id_consult, id_pacient, id_reteta, id_diagnostic, id_doctor, pret, data_consult, detalii, discount) VALUES (25, 49, 25, 11, 33, 342, TO_DATE('2022-06-23', 'YYYY-MM-DD'), 'Pacientul prezinta simptome majore si i s-a prescris un tratament', 0);
INSERT INTO CONSULT (id_consult, id_pacient, id_reteta, id_diagnostic, id_doctor, pret, data_consult, detalii, discount) VALUES (26, 32, 26, 7, 20, 442, TO_DATE('2022-07-23', 'YYYY-MM-DD'), 'Pacientului i s-a administrat un tratament pentru 12 zile', 25);
INSERT INTO CONSULT (id_consult, id_pacient, id_reteta, id_diagnostic, id_doctor, pret, data_consult, detalii, discount) VALUES (27, 30, 27, 2, 30, 487, TO_DATE('2022-08-23', 'YYYY-MM-DD'), 'Pacientul trebuie sa ia reteta timp de 2 saptamani', 50);
INSERT INTO CONSULT (id_consult, id_pacient, id_reteta, id_diagnostic, id_doctor, pret, data_consult, detalii, discount) VALUES (28, 98, 28, 6, 2, 269, TO_DATE('2022-08-19', 'YYYY-MM-DD'), 'Pacientul prezinta simptome minore', 75);
INSERT INTO CONSULT (id_consult, id_pacient, id_reteta, id_diagnostic, id_doctor, pret, data_consult, detalii, discount) VALUES (29, 97, 29, 9, 34, 54, TO_DATE('2022-09-23', 'YYYY-MM-DD'), null, 0);
INSERT INTO CONSULT (id_consult, id_pacient, id_reteta, id_diagnostic, id_doctor, pret, data_consult, detalii, discount) VALUES (30, 56, 30, 6, 36, 298, TO_DATE('2022-10-23', 'YYYY-MM-DD'), null, 0);
INSERT INTO CONSULT (id_consult, id_pacient, id_reteta, id_diagnostic, id_doctor, pret, data_consult, detalii, discount) VALUES (31, 36, 31, 9, 27, 500, TO_DATE('2022-11-23', 'YYYY-MM-DD'), null, 0);
INSERT INTO CONSULT (id_consult, id_pacient, id_reteta, id_diagnostic, id_doctor, pret, data_consult, detalii, discount) VALUES (32, 84, 32, 1, 36, 381, TO_DATE('2022-12-23', 'YYYY-MM-DD'), null, 0);
INSERT INTO CONSULT (id_consult, id_pacient, id_reteta, id_diagnostic, id_doctor, pret, data_consult, detalii, discount) VALUES (33, 38, 33, 4, 10, 139, TO_DATE('2022-04-13', 'YYYY-MM-DD'), null, 25);
INSERT INTO CONSULT (id_consult, id_pacient, id_reteta, id_diagnostic, id_doctor, pret, data_consult, detalii, discount) VALUES (34, 78, 34, 15, 12, 285, TO_DATE('2022-06-03', 'YYYY-MM-DD'), null, 25);
INSERT INTO CONSULT (id_consult, id_pacient, id_reteta, id_diagnostic, id_doctor, pret, data_consult, detalii, discount) VALUES (35, 11, 35, 14, 24, 417, TO_DATE('2022-09-02', 'YYYY-MM-DD'), null, 25);
INSERT INTO CONSULT (id_consult, id_pacient, id_reteta, id_diagnostic, id_doctor, pret, data_consult, detalii, discount) VALUES (36, 72, 36, 4, 35, 75, TO_DATE('2022-01-14', 'YYYY-MM-DD'), null, 0);
INSERT INTO CONSULT (id_consult, id_pacient, id_reteta, id_diagnostic, id_doctor, pret, data_consult, detalii, discount) VALUES (37, 37, 37, 7, 31, 448, TO_DATE('2022-09-12', 'YYYY-MM-DD'), 'Pacientul prezinta simptome majore si i s-a prescris un tratament', 0);
INSERT INTO CONSULT (id_consult, id_pacient, id_reteta, id_diagnostic, id_doctor, pret, data_consult, detalii, discount) VALUES (38, 57, 38, 4, 30, 342, TO_DATE('2022-03-23', 'YYYY-MM-DD'), 'Pacientului i s-a administrat un tratament pentru 12 zile', 25);
INSERT INTO CONSULT (id_consult, id_pacient, id_reteta, id_diagnostic, id_doctor, pret, data_consult, detalii, discount) VALUES (39, 92, 39, 2, 6, 426, TO_DATE('2023-01-19', 'YYYY-MM-DD'), 'Pacientul trebuie sa ia reteta timp de 2 saptamani', 50);
INSERT INTO CONSULT (id_consult, id_pacient, id_reteta, id_diagnostic, id_doctor, pret, data_consult, detalii, discount) VALUES (40, 85, 40, 5, 5, 143, TO_DATE('2023-01-07', 'YYYY-MM-DD'), 'Pacientul prezinta simptome minore', 75);
INSERT INTO CONSULT (id_consult, id_pacient, id_reteta, id_diagnostic, id_doctor, pret, data_consult, detalii, discount) VALUES (41, 69, 41, 13, 5, 171, TO_DATE('2021-01-23', 'YYYY-MM-DD'), null, 0);
INSERT INTO CONSULT (id_consult, id_pacient, id_reteta, id_diagnostic, id_doctor, pret, data_consult, detalii, discount) VALUES (42, 51, 42, 14, 15, 440, TO_DATE('2021-02-23', 'YYYY-MM-DD'), null, 0);
INSERT INTO CONSULT (id_consult, id_pacient, id_reteta, id_diagnostic, id_doctor, pret, data_consult, detalii, discount) VALUES (43, 92, 43, 7, 1, 296, TO_DATE('2021-03-23', 'YYYY-MM-DD'), null, 0);
INSERT INTO CONSULT (id_consult, id_pacient, id_reteta, id_diagnostic, id_doctor, pret, data_consult, detalii, discount) VALUES (44, 83, 44, 15, 20, 155, TO_DATE('2021-04-23', 'YYYY-MM-DD'), null, 0);
INSERT INTO CONSULT (id_consult, id_pacient, id_reteta, id_diagnostic, id_doctor, pret, data_consult, detalii, discount) VALUES (45, 52, 45, 10, 2, 135, TO_DATE('2021-05-23', 'YYYY-MM-DD'), null, 25);
INSERT INTO CONSULT (id_consult, id_pacient, id_reteta, id_diagnostic, id_doctor, pret, data_consult, detalii, discount) VALUES (46, 20, 46, 6, 32, 260, TO_DATE('2021-06-23', 'YYYY-MM-DD'), null, 25);
INSERT INTO CONSULT (id_consult, id_pacient, id_reteta, id_diagnostic, id_doctor, pret, data_consult, detalii, discount) VALUES (47, 58, 47, 7, 20, 414, TO_DATE('2021-07-23', 'YYYY-MM-DD'), null, 25);
INSERT INTO CONSULT (id_consult, id_pacient, id_reteta, id_diagnostic, id_doctor, pret, data_consult, detalii, discount) VALUES (48, 84, 48, 7, 14, 364, TO_DATE('2021-08-23', 'YYYY-MM-DD'), null, 0);
INSERT INTO CONSULT (id_consult, id_pacient, id_reteta, id_diagnostic, id_doctor, pret, data_consult, detalii, discount) VALUES (49, 50, 49, 11, 16, 286, TO_DATE('2021-09-23', 'YYYY-MM-DD'), 'Pacientul prezinta simptome majore si i s-a prescris un tratament', 0);
INSERT INTO CONSULT (id_consult, id_pacient, id_reteta, id_diagnostic, id_doctor, pret, data_consult, detalii, discount) VALUES (50, 47, 50, 9, 13, 489, TO_DATE('2021-10-23', 'YYYY-MM-DD'), 'Pacientului i s-a administrat un tratament pentru 12 zile', 25);
INSERT INTO CONSULT (id_consult, id_pacient, id_reteta, id_diagnostic, id_doctor, pret, data_consult, detalii, discount) VALUES (51, 42, 51, 1, 34, 415, TO_DATE('2021-11-23', 'YYYY-MM-DD'), 'Pacientul trebuie sa ia reteta timp de 2 saptamani', 50);
INSERT INTO CONSULT (id_consult, id_pacient, id_reteta, id_diagnostic, id_doctor, pret, data_consult, detalii, discount) VALUES (52, 2, 52, 2, 38, 241, TO_DATE('2021-12-23', 'YYYY-MM-DD'), 'Pacientul prezinta simptome minore', 75);
INSERT INTO CONSULT (id_consult, id_pacient, id_reteta, id_diagnostic, id_doctor, pret, data_consult, detalii, discount) VALUES (53, 93, 53, 15, 10, 384, TO_DATE('2021-07-12', 'YYYY-MM-DD'), null, 0);
INSERT INTO CONSULT (id_consult, id_pacient, id_reteta, id_diagnostic, id_doctor, pret, data_consult, detalii, discount) VALUES (54, 67, 54, 1, 21, 216, TO_DATE('2021-03-03', 'YYYY-MM-DD'), null, 0);
INSERT INTO CONSULT (id_consult, id_pacient, id_reteta, id_diagnostic, id_doctor, pret, data_consult, detalii, discount) VALUES (55, 33, 55, 6, 32, 258, TO_DATE('2021-07-10', 'YYYY-MM-DD'), null, 0);
INSERT INTO CONSULT (id_consult, id_pacient, id_reteta, id_diagnostic, id_doctor, pret, data_consult, detalii, discount) VALUES (56, 52, 56, 8, 34, 405, TO_DATE('2021-02-12', 'YYYY-MM-DD'), null, 0);
INSERT INTO CONSULT (id_consult, id_pacient, id_reteta, id_diagnostic, id_doctor, pret, data_consult, detalii, discount) VALUES (57, 15, 57, 5, 26, 181, TO_DATE('2021-12-10', 'YYYY-MM-DD'), null, 25);
INSERT INTO CONSULT (id_consult, id_pacient, id_reteta, id_diagnostic, id_doctor, pret, data_consult, detalii, discount) VALUES (58, 93, 58, 15, 36, 263, TO_DATE('2022-10-02', 'YYYY-MM-DD'), null, 25);
INSERT INTO CONSULT (id_consult, id_pacient, id_reteta, id_diagnostic, id_doctor, pret, data_consult, detalii, discount) VALUES (59, 8, 1, 7, 21, 100, TO_DATE('2021-07-22', 'YYYY-MM-DD'), null, 25);

select count(*) from consult;
select count(*) from procedura;

INSERT INTO CONSULT_PROCEDURA (id_consult, id_procedura) VALUES (35, 14);
INSERT INTO CONSULT_PROCEDURA (id_consult, id_procedura) VALUES (39, 31);
INSERT INTO CONSULT_PROCEDURA (id_consult, id_procedura) VALUES (10, 7);
INSERT INTO CONSULT_PROCEDURA (id_consult, id_procedura) VALUES (53, 47);
INSERT INTO CONSULT_PROCEDURA (id_consult, id_procedura) VALUES (41, 18);
INSERT INTO CONSULT_PROCEDURA (id_consult, id_procedura) VALUES (3, 11);
INSERT INTO CONSULT_PROCEDURA (id_consult, id_procedura) VALUES (17, 57);
INSERT INTO CONSULT_PROCEDURA (id_consult, id_procedura) VALUES (24, 16);
INSERT INTO CONSULT_PROCEDURA (id_consult, id_procedura) VALUES (9, 44);
INSERT INTO CONSULT_PROCEDURA (id_consult, id_procedura) VALUES (49, 15);
INSERT INTO CONSULT_PROCEDURA (id_consult, id_procedura) VALUES (24, 51);
INSERT INTO CONSULT_PROCEDURA (id_consult, id_procedura) VALUES (43, 16);
INSERT INTO CONSULT_PROCEDURA (id_consult, id_procedura) VALUES (23, 30);
INSERT INTO CONSULT_PROCEDURA (id_consult, id_procedura) VALUES (44, 35);
INSERT INTO CONSULT_PROCEDURA (id_consult, id_procedura) VALUES (50, 9);
INSERT INTO CONSULT_PROCEDURA (id_consult, id_procedura) VALUES (42, 15);
INSERT INTO CONSULT_PROCEDURA (id_consult, id_procedura) VALUES (11, 58);
INSERT INTO CONSULT_PROCEDURA (id_consult, id_procedura) VALUES (25, 44);
INSERT INTO CONSULT_PROCEDURA (id_consult, id_procedura) VALUES (50, 13);
INSERT INTO CONSULT_PROCEDURA (id_consult, id_procedura) VALUES (9, 60);
INSERT INTO CONSULT_PROCEDURA (id_consult, id_procedura) VALUES (2, 30);
INSERT INTO CONSULT_PROCEDURA (id_consult, id_procedura) VALUES (19, 1);
INSERT INTO CONSULT_PROCEDURA (id_consult, id_procedura) VALUES (49, 40);
INSERT INTO CONSULT_PROCEDURA (id_consult, id_procedura) VALUES (54, 27);
INSERT INTO CONSULT_PROCEDURA (id_consult, id_procedura) VALUES (34, 45);
INSERT INTO CONSULT_PROCEDURA (id_consult, id_procedura) VALUES (53, 2);
INSERT INTO CONSULT_PROCEDURA (id_consult, id_procedura) VALUES (55, 28);
INSERT INTO CONSULT_PROCEDURA (id_consult, id_procedura) VALUES (18, 1);
INSERT INTO CONSULT_PROCEDURA (id_consult, id_procedura) VALUES (23, 29);
INSERT INTO CONSULT_PROCEDURA (id_consult, id_procedura) VALUES (17, 54);
INSERT INTO CONSULT_PROCEDURA (id_consult, id_procedura) VALUES (40, 32);
INSERT INTO CONSULT_PROCEDURA (id_consult, id_procedura) VALUES (49, 52);
INSERT INTO CONSULT_PROCEDURA (id_consult, id_procedura) VALUES (4, 34);
INSERT INTO CONSULT_PROCEDURA (id_consult, id_procedura) VALUES (34, 48);
INSERT INTO CONSULT_PROCEDURA (id_consult, id_procedura) VALUES (35, 41);
INSERT INTO CONSULT_PROCEDURA (id_consult, id_procedura) VALUES (2, 52);
INSERT INTO CONSULT_PROCEDURA (id_consult, id_procedura) VALUES (16, 11);
INSERT INTO CONSULT_PROCEDURA (id_consult, id_procedura) VALUES (14, 32);
INSERT INTO CONSULT_PROCEDURA (id_consult, id_procedura) VALUES (1, 11);
INSERT INTO CONSULT_PROCEDURA (id_consult, id_procedura) VALUES (27, 20);
INSERT INTO CONSULT_PROCEDURA (id_consult, id_procedura) VALUES (9, 10);
INSERT INTO CONSULT_PROCEDURA (id_consult, id_procedura) VALUES (32, 9);
INSERT INTO CONSULT_PROCEDURA (id_consult, id_procedura) VALUES (55, 46);
INSERT INTO CONSULT_PROCEDURA (id_consult, id_procedura) VALUES (51, 3);
INSERT INTO CONSULT_PROCEDURA (id_consult, id_procedura) VALUES (17, 45);
INSERT INTO CONSULT_PROCEDURA (id_consult, id_procedura) VALUES (19, 58);
INSERT INTO CONSULT_PROCEDURA (id_consult, id_procedura) VALUES (33, 41);
INSERT INTO CONSULT_PROCEDURA (id_consult, id_procedura) VALUES (13, 5);
INSERT INTO CONSULT_PROCEDURA (id_consult, id_procedura) VALUES (30, 9);
INSERT INTO CONSULT_PROCEDURA (id_consult, id_procedura) VALUES (5, 3);
INSERT INTO CONSULT_PROCEDURA (id_consult, id_procedura) VALUES (40, 38);
INSERT INTO CONSULT_PROCEDURA (id_consult, id_procedura) VALUES (24, 19);
INSERT INTO CONSULT_PROCEDURA (id_consult, id_procedura) VALUES (53, 34);
INSERT INTO CONSULT_PROCEDURA (id_consult, id_procedura) VALUES (2, 56);
INSERT INTO CONSULT_PROCEDURA (id_consult, id_procedura) VALUES (28, 50);
INSERT INTO CONSULT_PROCEDURA (id_consult, id_procedura) VALUES (6, 38);
INSERT INTO CONSULT_PROCEDURA (id_consult, id_procedura) VALUES (21, 4);
INSERT INTO CONSULT_PROCEDURA (id_consult, id_procedura) VALUES (39, 28);
INSERT INTO CONSULT_PROCEDURA (id_consult, id_procedura) VALUES (37, 11);
INSERT INTO CONSULT_PROCEDURA (id_consult, id_procedura) VALUES (10, 16);
INSERT INTO CONSULT_PROCEDURA (id_consult, id_procedura) VALUES (43, 36);
INSERT INTO CONSULT_PROCEDURA (id_consult, id_procedura) VALUES (10, 39);
INSERT INTO CONSULT_PROCEDURA (id_consult, id_procedura) VALUES (55, 44);
INSERT INTO CONSULT_PROCEDURA (id_consult, id_procedura) VALUES (33, 48);
INSERT INTO CONSULT_PROCEDURA (id_consult, id_procedura) VALUES (47, 42);
INSERT INTO CONSULT_PROCEDURA (id_consult, id_procedura) VALUES (18, 54);
INSERT INTO CONSULT_PROCEDURA (id_consult, id_procedura) VALUES (48, 4);
INSERT INTO CONSULT_PROCEDURA (id_consult, id_procedura) VALUES (13, 19);
INSERT INTO CONSULT_PROCEDURA (id_consult, id_procedura) VALUES (10, 43);
INSERT INTO CONSULT_PROCEDURA (id_consult, id_procedura) VALUES (16, 3);
INSERT INTO CONSULT_PROCEDURA (id_consult, id_procedura) VALUES (55, 17);
INSERT INTO CONSULT_PROCEDURA (id_consult, id_procedura) VALUES (13, 20);
INSERT INTO CONSULT_PROCEDURA (id_consult, id_procedura) VALUES (2, 50);
INSERT INTO CONSULT_PROCEDURA (id_consult, id_procedura) VALUES (19, 7);
INSERT INTO CONSULT_PROCEDURA (id_consult, id_procedura) VALUES (34, 12);
INSERT INTO CONSULT_PROCEDURA (id_consult, id_procedura) VALUES (49, 46);
INSERT INTO CONSULT_PROCEDURA (id_consult, id_procedura) VALUES (27, 8);
INSERT INTO CONSULT_PROCEDURA (id_consult, id_procedura) VALUES (42, 2);
INSERT INTO CONSULT_PROCEDURA (id_consult, id_procedura) VALUES (40, 6);
INSERT INTO CONSULT_PROCEDURA (id_consult, id_procedura) VALUES (25, 50);
INSERT INTO CONSULT_PROCEDURA (id_consult, id_procedura) VALUES (10, 55);
INSERT INTO CONSULT_PROCEDURA (id_consult, id_procedura) VALUES (7, 27);
INSERT INTO CONSULT_PROCEDURA (id_consult, id_procedura) VALUES (43, 28);
INSERT INTO CONSULT_PROCEDURA (id_consult, id_procedura) VALUES (33, 38);
INSERT INTO CONSULT_PROCEDURA (id_consult, id_procedura) VALUES (1, 29);
INSERT INTO CONSULT_PROCEDURA (id_consult, id_procedura) VALUES (47, 46);
INSERT INTO CONSULT_PROCEDURA (id_consult, id_procedura) VALUES (5, 15);
INSERT INTO CONSULT_PROCEDURA (id_consult, id_procedura) VALUES (41, 20);
INSERT INTO CONSULT_PROCEDURA (id_consult, id_procedura) VALUES (14, 34);
INSERT INTO CONSULT_PROCEDURA (id_consult, id_procedura) VALUES (51, 18);
INSERT INTO CONSULT_PROCEDURA (id_consult, id_procedura) VALUES (24, 57);
INSERT INTO CONSULT_PROCEDURA (id_consult, id_procedura) VALUES (15, 57);
INSERT INTO CONSULT_PROCEDURA (id_consult, id_procedura) VALUES (53, 17);
INSERT INTO CONSULT_PROCEDURA (id_consult, id_procedura) VALUES (15, 31);
INSERT INTO CONSULT_PROCEDURA (id_consult, id_procedura) VALUES (17, 3);
INSERT INTO CONSULT_PROCEDURA (id_consult, id_procedura) VALUES (43, 52);
INSERT INTO CONSULT_PROCEDURA (id_consult, id_procedura) VALUES (25, 32);
INSERT INTO CONSULT_PROCEDURA (id_consult, id_procedura) VALUES (52, 58);


DELETE FROM reteta WHERE id_reteta NOT IN (SELECT DISTINCT id_reteta FROM consult);

COMMIT;